product_id,product_name,product_price,product_category,customer_id,customer_name,customer_email,order_date,order_amount,order_status
1,Product 1,16,Toys,1,Customer 1,customer1@email.com,28-06-2022,191,Pending
2,Product 2,93,Beauty,1,Customer 1,customer1@email.com,28-06-2022,191,Pending
3,Product 3,74,Electronics,2,Customer 2,customer2@email.com,07-10-2020,62,Delivered
4,Product 4,65,Toys,2,Customer 2,customer2@email.com,07-10-2020,62,Delivered
5,Product 5,95,Beauty,3,Customer 3,customer3@email.com,02-06-2023,50,Processing
6,Product 6,87,Beauty,3,Customer 3,customer3@email.com,02-06-2023,50,Processing
7,Product 7,75,Clothing,4,Customer 4,customer4@email.com,18-06-2021,169,Processing
8,Product 8,26,Toys,4,Customer 4,customer4@email.com,18-06-2021,169,Processing
9,Product 9,24,Electronics,5,Customer 5,customer5@email.com,01-11-2021,137,Shipped
10,Product 10,11,Electronics,5,Customer 5,customer5@email.com,01-11-2021,137,Shipped
11,Product 11,22,Beauty,6,Customer 6,customer6@email.com,01-03-2019,154,Pending
12,Product 12,27,Clothing,6,Customer 6,customer6@email.com,01-03-2019,154,Pending
13,Product 13,50,Clothing,7,Customer 7,customer7@email.com,02-06-2022,96,Shipped
14,Product 14,59,Clothing,7,Customer 7,customer7@email.com,02-06-2022,96,Shipped
15,Product 15,34,Toys,8,Customer 8,customer8@email.com,30-03-2023,134,Delivered
16,Product 16,73,Clothing,8,Customer 8,customer8@email.com,30-03-2023,134,Delivered
17,Product 17,63,Clothing,9,Customer 9,customer9@email.com,03-01-2019,89,Processing
18,Product 18,46,Home Goods,9,Customer 9,customer9@email.com,03-01-2019,89,Processing
19,Product 19,29,Toys,10,Customer 10,customer10@email.com,24-04-2019,184,Processing
20,Product 20,62,Clothing,10,Customer 10,customer10@email.com,24-04-2019,184,Processing
21,Product 21,37,Home Goods,11,Customer 11,customer11@email.com,22-04-2023,152,Delivered
22,Product 22,45,Beauty,11,Customer 11,customer11@email.com,22-04-2023,152,Delivered
23,Product 23,65,Beauty,12,Customer 12,customer12@email.com,04-11-2022,81,Pending
24,Product 24,12,Home Goods,12,Customer 12,customer12@email.com,04-11-2022,81,Pending
25,Product 25,13,Beauty,13,Customer 13,customer13@email.com,24-02-2020,50,Pending
26,Product 26,87,Clothing,13,Customer 13,customer13@email.com,24-02-2020,50,Pending
27,Product 27,80,Home Goods,14,Customer 14,customer14@email.com,09-03-2019,179,Shipped
28,Product 28,13,Toys,14,Customer 14,customer14@email.com,09-03-2019,179,Shipped
29,Product 29,57,Toys,15,Customer 15,customer15@email.com,23-07-2019,188,Pending
30,Product 30,62,Beauty,15,Customer 15,customer15@email.com,23-07-2019,188,Pending
31,Product 31,78,Electronics,16,Customer 16,customer16@email.com,29-07-2020,59,Processing
32,Product 32,96,Beauty,16,Customer 16,customer16@email.com,29-07-2020,59,Processing
33,Product 33,63,Electronics,17,Customer 17,customer17@email.com,15-05-2021,143,Processing
34,Product 34,35,Electronics,17,Customer 17,customer17@email.com,15-05-2021,143,Processing
35,Product 35,78,Clothing,18,Customer 18,customer18@email.com,27-08-2020,184,Pending
36,Product 36,83,Clothing,18,Customer 18,customer18@email.com,27-08-2020,184,Pending
37,Product 37,37,Home Goods,19,Customer 19,customer19@email.com,07-10-2022,77,Delivered
38,Product 38,77,Home Goods,19,Customer 19,customer19@email.com,07-10-2022,77,Delivered
39,Product 39,14,Home Goods,20,Customer 20,customer20@email.com,02-10-2020,192,Processing
40,Product 40,69,Electronics,20,Customer 20,customer20@email.com,02-10-2020,192,Processing
41,Product 41,36,Toys,21,Customer 21,customer21@email.com,11-08-2019,78,Processing
42,Product 42,71,Beauty,21,Customer 21,customer21@email.com,11-08-2019,78,Processing
43,Product 43,29,Beauty,22,Customer 22,customer22@email.com,22-11-2022,109,Delivered
44,Product 44,57,Home Goods,22,Customer 22,customer22@email.com,22-11-2022,109,Delivered
45,Product 45,95,Beauty,23,Customer 23,customer23@email.com,22-06-2022,192,Pending
46,Product 46,41,Electronics,23,Customer 23,customer23@email.com,22-06-2022,192,Pending
47,Product 47,94,Clothing,24,Customer 24,customer24@email.com,18-08-2021,85,Pending
48,Product 48,56,Electronics,24,Customer 24,customer24@email.com,18-08-2021,85,Pending
49,Product 49,51,Home Goods,25,Customer 25,customer25@email.com,21-09-2021,66,Pending
50,Product 50,87,Clothing,25,Customer 25,customer25@email.com,21-09-2021,66,Pending
51,Product 51,82,Toys,26,Customer 26,customer26@email.com,17-03-2022,57,Delivered
52,Product 52,58,Home Goods,26,Customer 26,customer26@email.com,17-03-2022,57,Delivered
53,Product 53,57,Toys,27,Customer 27,customer27@email.com,01-03-2022,56,Delivered
54,Product 54,24,Toys,27,Customer 27,customer27@email.com,01-03-2022,56,Delivered
55,Product 55,95,Electronics,28,Customer 28,customer28@email.com,29-10-2019,59,Pending
56,Product 56,87,Home Goods,28,Customer 28,customer28@email.com,29-10-2019,59,Pending
57,Product 57,61,Beauty,29,Customer 29,customer29@email.com,08-08-2020,69,Processing
58,Product 58,16,Electronics,29,Customer 29,customer29@email.com,08-08-2020,69,Processing
59,Product 59,74,Toys,30,Customer 30,customer30@email.com,06-05-2021,182,Delivered
60,Product 60,85,Beauty,30,Customer 30,customer30@email.com,06-05-2021,182,Delivered
61,Product 61,86,Toys,31,Customer 31,customer31@email.com,05-05-2023,64,Processing
62,Product 62,48,Toys,31,Customer 31,customer31@email.com,05-05-2023,64,Processing
63,Product 63,74,Clothing,32,Customer 32,customer32@email.com,20-07-2020,60,Delivered
64,Product 64,28,Clothing,32,Customer 32,customer32@email.com,20-07-2020,60,Delivered
65,Product 65,63,Toys,33,Customer 33,customer33@email.com,19-08-2023,179,Pending
66,Product 66,13,Toys,33,Customer 33,customer33@email.com,19-08-2023,179,Pending
67,Product 67,23,Toys,34,Customer 34,customer34@email.com,07-01-2021,192,Delivered
68,Product 68,76,Home Goods,34,Customer 34,customer34@email.com,07-01-2021,192,Delivered
69,Product 69,73,Home Goods,35,Customer 35,customer35@email.com,27-04-2019,106,Delivered
70,Product 70,61,Clothing,35,Customer 35,customer35@email.com,27-04-2019,106,Delivered
71,Product 71,81,Electronics,36,Customer 36,customer36@email.com,13-08-2023,56,Pending
72,Product 72,63,Clothing,36,Customer 36,customer36@email.com,13-08-2023,56,Pending
73,Product 73,89,Toys,37,Customer 37,customer37@email.com,25-04-2021,175,Delivered
74,Product 74,58,Beauty,37,Customer 37,customer37@email.com,25-04-2021,175,Delivered
75,Product 75,63,Home Goods,38,Customer 38,customer38@email.com,29-12-2020,105,Pending
76,Product 76,98,Clothing,38,Customer 38,customer38@email.com,29-12-2020,105,Pending
77,Product 77,84,Clothing,39,Customer 39,customer39@email.com,07-08-2019,78,Processing
78,Product 78,19,Clothing,39,Customer 39,customer39@email.com,07-08-2019,78,Processing
79,Product 79,44,Beauty,40,Customer 40,customer40@email.com,25-08-2021,115,Delivered
80,Product 80,15,Toys,40,Customer 40,customer40@email.com,25-08-2021,115,Delivered
81,Product 81,93,Home Goods,41,Customer 41,customer41@email.com,08-10-2020,182,Processing
82,Product 82,15,Beauty,41,Customer 41,customer41@email.com,08-10-2020,182,Processing
83,Product 83,92,Beauty,42,Customer 42,customer42@email.com,19-10-2020,128,Shipped
84,Product 84,90,Electronics,42,Customer 42,customer42@email.com,19-10-2020,128,Shipped
85,Product 85,33,Electronics,43,Customer 43,customer43@email.com,22-08-2020,148,Processing
86,Product 86,53,Home Goods,43,Customer 43,customer43@email.com,22-08-2020,148,Processing
87,Product 87,50,Electronics,44,Customer 44,customer44@email.com,23-10-2020,178,Pending
88,Product 88,29,Electronics,44,Customer 44,customer44@email.com,23-10-2020,178,Pending
89,Product 89,42,Electronics,45,Customer 45,customer45@email.com,13-12-2021,96,Delivered
90,Product 90,72,Home Goods,45,Customer 45,customer45@email.com,13-12-2021,96,Delivered
91,Product 91,91,Home Goods,46,Customer 46,customer46@email.com,16-01-2019,181,Delivered
92,Product 92,31,Home Goods,46,Customer 46,customer46@email.com,16-01-2019,181,Delivered
93,Product 93,96,Clothing,47,Customer 47,customer47@email.com,16-01-2022,76,Pending
94,Product 94,47,Toys,47,Customer 47,customer47@email.com,16-01-2022,76,Pending
95,Product 95,32,Home Goods,48,Customer 48,customer48@email.com,23-04-2021,91,Processing
96,Product 96,93,Toys,48,Customer 48,customer48@email.com,23-04-2021,91,Processing
97,Product 97,89,Clothing,49,Customer 49,customer49@email.com,20-10-2019,124,Pending
98,Product 98,70,Beauty,49,Customer 49,customer49@email.com,20-10-2019,124,Pending
99,Product 99,14,Home Goods,50,Customer 50,customer50@email.com,09-12-2019,195,Processing
100,Product 100,23,Home Goods,50,Customer 50,customer50@email.com,09-12-2019,195,Processing
101,Product 101,22,Home Goods,51,Customer 51,customer51@email.com,25-05-2021,100,Pending
102,Product 102,36,Beauty,51,Customer 51,customer51@email.com,25-05-2021,100,Pending
103,Product 103,62,Electronics,52,Customer 52,customer52@email.com,07-01-2021,123,Processing
104,Product 104,37,Clothing,52,Customer 52,customer52@email.com,07-01-2021,123,Processing
105,Product 105,66,Toys,53,Customer 53,customer53@email.com,22-03-2019,156,Processing
106,Product 106,63,Electronics,53,Customer 53,customer53@email.com,22-03-2019,156,Processing
107,Product 107,33,Toys,54,Customer 54,customer54@email.com,07-02-2019,85,Shipped
108,Product 108,74,Home Goods,54,Customer 54,customer54@email.com,07-02-2019,85,Shipped
109,Product 109,51,Electronics,55,Customer 55,customer55@email.com,03-06-2021,197,Delivered
110,Product 110,32,Electronics,55,Customer 55,customer55@email.com,03-06-2021,197,Delivered
111,Product 111,28,Electronics,56,Customer 56,customer56@email.com,27-05-2021,67,Processing
112,Product 112,43,Clothing,56,Customer 56,customer56@email.com,27-05-2021,67,Processing
113,Product 113,22,Home Goods,57,Customer 57,customer57@email.com,17-04-2023,126,Pending
114,Product 114,86,Beauty,57,Customer 57,customer57@email.com,17-04-2023,126,Pending
115,Product 115,52,Electronics,58,Customer 58,customer58@email.com,11-01-2021,96,Shipped
116,Product 116,32,Home Goods,58,Customer 58,customer58@email.com,11-01-2021,96,Shipped
117,Product 117,38,Electronics,59,Customer 59,customer59@email.com,18-04-2020,57,Shipped
118,Product 118,13,Clothing,59,Customer 59,customer59@email.com,18-04-2020,57,Shipped
119,Product 119,93,Beauty,60,Customer 60,customer60@email.com,03-10-2019,135,Pending
120,Product 120,82,Clothing,60,Customer 60,customer60@email.com,03-10-2019,135,Pending
121,Product 121,39,Beauty,61,Customer 61,customer61@email.com,29-12-2021,134,Pending
122,Product 122,52,Beauty,61,Customer 61,customer61@email.com,29-12-2021,134,Pending
123,Product 123,61,Home Goods,62,Customer 62,customer62@email.com,30-04-2021,87,Processing
124,Product 124,82,Beauty,62,Customer 62,customer62@email.com,30-04-2021,87,Processing
125,Product 125,53,Beauty,63,Customer 63,customer63@email.com,13-07-2019,112,Delivered
126,Product 126,92,Beauty,63,Customer 63,customer63@email.com,13-07-2019,112,Delivered
127,Product 127,57,Clothing,64,Customer 64,customer64@email.com,20-10-2021,122,Shipped
128,Product 128,58,Electronics,64,Customer 64,customer64@email.com,20-10-2021,122,Shipped
129,Product 129,24,Clothing,65,Customer 65,customer65@email.com,16-02-2021,101,Delivered
130,Product 130,92,Beauty,65,Customer 65,customer65@email.com,16-02-2021,101,Delivered
131,Product 131,78,Toys,66,Customer 66,customer66@email.com,18-05-2023,73,Delivered
132,Product 132,15,Toys,66,Customer 66,customer66@email.com,18-05-2023,73,Delivered
133,Product 133,67,Toys,67,Customer 67,customer67@email.com,02-04-2021,173,Pending
134,Product 134,83,Clothing,67,Customer 67,customer67@email.com,02-04-2021,173,Pending
135,Product 135,88,Toys,68,Customer 68,customer68@email.com,08-01-2023,124,Pending
136,Product 136,13,Toys,68,Customer 68,customer68@email.com,08-01-2023,124,Pending
137,Product 137,21,Beauty,69,Customer 69,customer69@email.com,16-01-2023,97,Shipped
138,Product 138,84,Electronics,69,Customer 69,customer69@email.com,16-01-2023,97,Shipped
139,Product 139,41,Home Goods,70,Customer 70,customer70@email.com,23-12-2020,172,Shipped
140,Product 140,23,Home Goods,70,Customer 70,customer70@email.com,23-12-2020,172,Shipped
141,Product 141,26,Home Goods,71,Customer 71,customer71@email.com,09-09-2022,127,Processing
142,Product 142,75,Beauty,71,Customer 71,customer71@email.com,09-09-2022,127,Processing
143,Product 143,44,Toys,72,Customer 72,customer72@email.com,08-02-2020,82,Delivered
144,Product 144,71,Toys,72,Customer 72,customer72@email.com,08-02-2020,82,Delivered
145,Product 145,19,Clothing,73,Customer 73,customer73@email.com,16-06-2021,188,Delivered
146,Product 146,28,Home Goods,73,Customer 73,customer73@email.com,16-06-2021,188,Delivered
147,Product 147,44,Clothing,74,Customer 74,customer74@email.com,17-10-2019,117,Shipped
148,Product 148,83,Clothing,74,Customer 74,customer74@email.com,17-10-2019,117,Shipped
149,Product 149,81,Clothing,75,Customer 75,customer75@email.com,10-04-2019,98,Delivered
150,Product 150,75,Electronics,75,Customer 75,customer75@email.com,10-04-2019,98,Delivered
151,Product 151,86,Clothing,76,Customer 76,customer76@email.com,08-04-2022,124,Pending
152,Product 152,24,Clothing,76,Customer 76,customer76@email.com,08-04-2022,124,Pending
153,Product 153,92,Beauty,77,Customer 77,customer77@email.com,28-11-2021,133,Shipped
154,Product 154,82,Beauty,77,Customer 77,customer77@email.com,28-11-2021,133,Shipped
155,Product 155,73,Clothing,78,Customer 78,customer78@email.com,24-06-2020,172,Shipped
156,Product 156,85,Electronics,78,Customer 78,customer78@email.com,24-06-2020,172,Shipped
157,Product 157,42,Clothing,79,Customer 79,customer79@email.com,27-03-2021,133,Pending
158,Product 158,15,Clothing,79,Customer 79,customer79@email.com,27-03-2021,133,Pending
159,Product 159,27,Clothing,80,Customer 80,customer80@email.com,27-11-2021,83,Delivered
160,Product 160,92,Clothing,80,Customer 80,customer80@email.com,27-11-2021,83,Delivered
161,Product 161,99,Home Goods,81,Customer 81,customer81@email.com,14-02-2023,185,Shipped
162,Product 162,12,Home Goods,81,Customer 81,customer81@email.com,14-02-2023,185,Shipped
163,Product 163,11,Home Goods,82,Customer 82,customer82@email.com,14-06-2021,132,Pending
164,Product 164,91,Toys,82,Customer 82,customer82@email.com,14-06-2021,132,Pending
165,Product 165,38,Home Goods,83,Customer 83,customer83@email.com,23-09-2020,64,Delivered
166,Product 166,45,Home Goods,83,Customer 83,customer83@email.com,23-09-2020,64,Delivered
167,Product 167,38,Home Goods,84,Customer 84,customer84@email.com,21-05-2020,125,Shipped
168,Product 168,10,Home Goods,84,Customer 84,customer84@email.com,21-05-2020,125,Shipped
169,Product 169,43,Home Goods,85,Customer 85,customer85@email.com,30-08-2021,51,Shipped
170,Product 170,65,Beauty,85,Customer 85,customer85@email.com,30-08-2021,51,Shipped
171,Product 171,93,Beauty,86,Customer 86,customer86@email.com,18-10-2020,194,Shipped
172,Product 172,42,Home Goods,86,Customer 86,customer86@email.com,18-10-2020,194,Shipped
173,Product 173,45,Toys,87,Customer 87,customer87@email.com,27-07-2020,146,Delivered
174,Product 174,44,Toys,87,Customer 87,customer87@email.com,27-07-2020,146,Delivered
175,Product 175,65,Clothing,88,Customer 88,customer88@email.com,18-09-2023,144,Processing
176,Product 176,98,Toys,88,Customer 88,customer88@email.com,18-09-2023,144,Processing
177,Product 177,69,Electronics,89,Customer 89,customer89@email.com,27-03-2022,118,Delivered
178,Product 178,22,Electronics,89,Customer 89,customer89@email.com,27-03-2022,118,Delivered
179,Product 179,30,Beauty,90,Customer 90,customer90@email.com,02-11-2019,96,Processing
180,Product 180,51,Clothing,90,Customer 90,customer90@email.com,02-11-2019,96,Processing
181,Product 181,68,Toys,91,Customer 91,customer91@email.com,03-02-2022,99,Delivered
182,Product 182,41,Home Goods,91,Customer 91,customer91@email.com,03-02-2022,99,Delivered
183,Product 183,61,Beauty,92,Customer 92,customer92@email.com,17-10-2019,78,Pending
184,Product 184,78,Beauty,92,Customer 92,customer92@email.com,17-10-2019,78,Pending
185,Product 185,58,Clothing,93,Customer 93,customer93@email.com,09-09-2021,87,Delivered
186,Product 186,85,Beauty,93,Customer 93,customer93@email.com,09-09-2021,87,Delivered
187,Product 187,96,Toys,94,Customer 94,customer94@email.com,02-12-2020,59,Shipped
188,Product 188,40,Home Goods,94,Customer 94,customer94@email.com,02-12-2020,59,Shipped
189,Product 189,35,Beauty,95,Customer 95,customer95@email.com,12-09-2020,102,Delivered
190,Product 190,37,Toys,95,Customer 95,customer95@email.com,12-09-2020,102,Delivered
191,Product 191,29,Beauty,96,Customer 96,customer96@email.com,31-08-2019,71,Shipped
192,Product 192,94,Home Goods,96,Customer 96,customer96@email.com,31-08-2019,71,Shipped
193,Product 193,13,Clothing,97,Customer 97,customer97@email.com,23-12-2022,155,Shipped
194,Product 194,58,Clothing,97,Customer 97,customer97@email.com,23-12-2022,155,Shipped
195,Product 195,19,Electronics,98,Customer 98,customer98@email.com,04-02-2021,77,Processing
196,Product 196,40,Beauty,98,Customer 98,customer98@email.com,04-02-2021,77,Processing
197,Product 197,34,Electronics,99,Customer 99,customer99@email.com,11-11-2022,97,Pending
198,Product 198,39,Clothing,99,Customer 99,customer99@email.com,11-11-2022,97,Pending
199,Product 199,72,Beauty,100,Customer 100,customer100@email.com,18-02-2022,101,Pending
200,Product 200,45,Home Goods,100,Customer 100,customer100@email.com,18-02-2022,101,Pending
201,Product 201,34,Electronics,101,Customer 101,customer101@email.com,08-06-2021,87,Processing
202,Product 202,52,Toys,101,Customer 101,customer101@email.com,08-06-2021,87,Processing
203,Product 203,28,Toys,102,Customer 102,customer102@email.com,02-10-2019,97,Shipped
204,Product 204,58,Electronics,102,Customer 102,customer102@email.com,02-10-2019,97,Shipped
205,Product 205,26,Electronics,103,Customer 103,customer103@email.com,30-08-2023,151,Pending
206,Product 206,86,Clothing,103,Customer 103,customer103@email.com,30-08-2023,151,Pending
207,Product 207,65,Clothing,104,Customer 104,customer104@email.com,06-01-2019,158,Shipped
208,Product 208,46,Home Goods,104,Customer 104,customer104@email.com,06-01-2019,158,Shipped
209,Product 209,99,Toys,105,Customer 105,customer105@email.com,17-07-2023,180,Pending
210,Product 210,78,Home Goods,105,Customer 105,customer105@email.com,17-07-2023,180,Pending
211,Product 211,86,Toys,106,Customer 106,customer106@email.com,12-07-2023,89,Pending
212,Product 212,71,Home Goods,106,Customer 106,customer106@email.com,12-07-2023,89,Pending
213,Product 213,59,Home Goods,107,Customer 107,customer107@email.com,21-04-2019,162,Delivered
214,Product 214,71,Electronics,107,Customer 107,customer107@email.com,21-04-2019,162,Delivered
215,Product 215,63,Beauty,108,Customer 108,customer108@email.com,13-12-2021,190,Shipped
216,Product 216,40,Clothing,108,Customer 108,customer108@email.com,13-12-2021,190,Shipped
217,Product 217,99,Toys,109,Customer 109,customer109@email.com,12-03-2023,96,Delivered
218,Product 218,77,Beauty,109,Customer 109,customer109@email.com,12-03-2023,96,Delivered
219,Product 219,34,Home Goods,110,Customer 110,customer110@email.com,28-08-2021,138,Delivered
220,Product 220,47,Clothing,110,Customer 110,customer110@email.com,28-08-2021,138,Delivered
221,Product 221,73,Beauty,111,Customer 111,customer111@email.com,31-01-2021,153,Shipped
222,Product 222,94,Clothing,111,Customer 111,customer111@email.com,31-01-2021,153,Shipped
223,Product 223,23,Clothing,112,Customer 112,customer112@email.com,18-08-2023,183,Pending
224,Product 224,82,Electronics,112,Customer 112,customer112@email.com,18-08-2023,183,Pending
225,Product 225,14,Home Goods,113,Customer 113,customer113@email.com,08-08-2023,124,Processing
226,Product 226,14,Electronics,113,Customer 113,customer113@email.com,08-08-2023,124,Processing
227,Product 227,59,Beauty,114,Customer 114,customer114@email.com,16-05-2022,196,Delivered
228,Product 228,40,Clothing,114,Customer 114,customer114@email.com,16-05-2022,196,Delivered
229,Product 229,57,Clothing,115,Customer 115,customer115@email.com,30-04-2022,169,Pending
230,Product 230,55,Toys,115,Customer 115,customer115@email.com,30-04-2022,169,Pending
231,Product 231,10,Home Goods,116,Customer 116,customer116@email.com,26-05-2020,97,Delivered
232,Product 232,32,Clothing,116,Customer 116,customer116@email.com,26-05-2020,97,Delivered
233,Product 233,86,Beauty,117,Customer 117,customer117@email.com,12-08-2021,143,Processing
234,Product 234,84,Toys,117,Customer 117,customer117@email.com,12-08-2021,143,Processing
235,Product 235,63,Beauty,118,Customer 118,customer118@email.com,17-06-2021,102,Pending
236,Product 236,44,Home Goods,118,Customer 118,customer118@email.com,17-06-2021,102,Pending
237,Product 237,50,Home Goods,119,Customer 119,customer119@email.com,08-04-2019,107,Processing
238,Product 238,71,Electronics,119,Customer 119,customer119@email.com,08-04-2019,107,Processing
239,Product 239,87,Beauty,120,Customer 120,customer120@email.com,27-01-2021,153,Delivered
240,Product 240,52,Clothing,120,Customer 120,customer120@email.com,27-01-2021,153,Delivered
241,Product 241,66,Clothing,121,Customer 121,customer121@email.com,23-06-2022,120,Processing
242,Product 242,35,Home Goods,121,Customer 121,customer121@email.com,23-06-2022,120,Processing
243,Product 243,71,Clothing,122,Customer 122,customer122@email.com,28-09-2023,114,Processing
244,Product 244,51,Clothing,122,Customer 122,customer122@email.com,28-09-2023,114,Processing
245,Product 245,26,Electronics,123,Customer 123,customer123@email.com,07-08-2021,70,Pending
246,Product 246,74,Home Goods,123,Customer 123,customer123@email.com,07-08-2021,70,Pending
247,Product 247,45,Home Goods,124,Customer 124,customer124@email.com,15-08-2023,118,Processing
248,Product 248,88,Beauty,124,Customer 124,customer124@email.com,15-08-2023,118,Processing
249,Product 249,36,Clothing,125,Customer 125,customer125@email.com,30-12-2022,175,Pending
250,Product 250,84,Clothing,125,Customer 125,customer125@email.com,30-12-2022,175,Pending
251,Product 251,14,Electronics,126,Customer 126,customer126@email.com,15-02-2021,63,Shipped
252,Product 252,65,Clothing,126,Customer 126,customer126@email.com,15-02-2021,63,Shipped
253,Product 253,78,Home Goods,127,Customer 127,customer127@email.com,26-12-2019,62,Pending
254,Product 254,84,Electronics,127,Customer 127,customer127@email.com,26-12-2019,62,Pending
255,Product 255,72,Clothing,128,Customer 128,customer128@email.com,04-06-2022,112,Shipped
256,Product 256,59,Home Goods,128,Customer 128,customer128@email.com,04-06-2022,112,Shipped
257,Product 257,49,Home Goods,129,Customer 129,customer129@email.com,16-06-2023,147,Pending
258,Product 258,49,Clothing,129,Customer 129,customer129@email.com,16-06-2023,147,Pending
259,Product 259,54,Electronics,130,Customer 130,customer130@email.com,18-09-2020,62,Shipped
260,Product 260,67,Electronics,130,Customer 130,customer130@email.com,18-09-2020,62,Shipped
261,Product 261,57,Electronics,131,Customer 131,customer131@email.com,23-03-2022,185,Processing
262,Product 262,48,Home Goods,131,Customer 131,customer131@email.com,23-03-2022,185,Processing
263,Product 263,69,Home Goods,132,Customer 132,customer132@email.com,06-03-2019,77,Shipped
264,Product 264,30,Clothing,132,Customer 132,customer132@email.com,06-03-2019,77,Shipped
265,Product 265,77,Electronics,133,Customer 133,customer133@email.com,29-05-2020,154,Delivered
266,Product 266,51,Home Goods,133,Customer 133,customer133@email.com,29-05-2020,154,Delivered
267,Product 267,24,Electronics,134,Customer 134,customer134@email.com,21-08-2019,108,Processing
268,Product 268,12,Clothing,134,Customer 134,customer134@email.com,21-08-2019,108,Processing
269,Product 269,15,Beauty,135,Customer 135,customer135@email.com,03-09-2023,55,Processing
270,Product 270,25,Beauty,135,Customer 135,customer135@email.com,03-09-2023,55,Processing
271,Product 271,27,Beauty,136,Customer 136,customer136@email.com,15-01-2021,181,Pending
272,Product 272,35,Clothing,136,Customer 136,customer136@email.com,15-01-2021,181,Pending
273,Product 273,43,Clothing,137,Customer 137,customer137@email.com,03-07-2019,148,Delivered
274,Product 274,20,Beauty,137,Customer 137,customer137@email.com,03-07-2019,148,Delivered
275,Product 275,54,Clothing,138,Customer 138,customer138@email.com,02-12-2020,135,Delivered
276,Product 276,17,Clothing,138,Customer 138,customer138@email.com,02-12-2020,135,Delivered
277,Product 277,32,Beauty,139,Customer 139,customer139@email.com,07-05-2020,53,Processing
278,Product 278,34,Clothing,139,Customer 139,customer139@email.com,07-05-2020,53,Processing
279,Product 279,75,Toys,140,Customer 140,customer140@email.com,05-10-2022,142,Delivered
280,Product 280,79,Electronics,140,Customer 140,customer140@email.com,05-10-2022,142,Delivered
281,Product 281,28,Electronics,141,Customer 141,customer141@email.com,10-02-2022,66,Shipped
282,Product 282,24,Clothing,141,Customer 141,customer141@email.com,10-02-2022,66,Shipped
283,Product 283,64,Clothing,142,Customer 142,customer142@email.com,18-05-2019,198,Processing
284,Product 284,72,Beauty,142,Customer 142,customer142@email.com,18-05-2019,198,Processing
285,Product 285,30,Clothing,143,Customer 143,customer143@email.com,02-07-2022,126,Pending
286,Product 286,97,Beauty,143,Customer 143,customer143@email.com,02-07-2022,126,Pending
287,Product 287,13,Toys,144,Customer 144,customer144@email.com,03-08-2021,136,Processing
288,Product 288,37,Toys,144,Customer 144,customer144@email.com,03-08-2021,136,Processing
289,Product 289,88,Home Goods,145,Customer 145,customer145@email.com,26-04-2020,179,Shipped
290,Product 290,53,Beauty,145,Customer 145,customer145@email.com,26-04-2020,179,Shipped
291,Product 291,53,Beauty,146,Customer 146,customer146@email.com,13-03-2023,116,Pending
292,Product 292,81,Home Goods,146,Customer 146,customer146@email.com,13-03-2023,116,Pending
293,Product 293,39,Home Goods,147,Customer 147,customer147@email.com,19-08-2020,180,Delivered
294,Product 294,32,Beauty,147,Customer 147,customer147@email.com,19-08-2020,180,Delivered
295,Product 295,33,Clothing,148,Customer 148,customer148@email.com,29-11-2019,55,Processing
296,Product 296,77,Toys,148,Customer 148,customer148@email.com,29-11-2019,55,Processing
297,Product 297,58,Toys,149,Customer 149,customer149@email.com,23-02-2020,181,Delivered
298,Product 298,18,Clothing,149,Customer 149,customer149@email.com,23-02-2020,181,Delivered
299,Product 299,56,Beauty,150,Customer 150,customer150@email.com,06-11-2019,173,Shipped
300,Product 300,13,Beauty,150,Customer 150,customer150@email.com,06-11-2019,173,Shipped
301,Product 301,98,Toys,151,Customer 151,customer151@email.com,07-02-2023,139,Shipped
302,Product 302,15,Clothing,151,Customer 151,customer151@email.com,07-02-2023,139,Shipped
303,Product 303,35,Home Goods,152,Customer 152,customer152@email.com,21-02-2020,83,Shipped
304,Product 304,34,Beauty,152,Customer 152,customer152@email.com,21-02-2020,83,Shipped
305,Product 305,37,Clothing,153,Customer 153,customer153@email.com,02-12-2019,119,Delivered
306,Product 306,55,Toys,153,Customer 153,customer153@email.com,02-12-2019,119,Delivered
307,Product 307,82,Clothing,154,Customer 154,customer154@email.com,31-03-2021,104,Pending
308,Product 308,34,Toys,154,Customer 154,customer154@email.com,31-03-2021,104,Pending
309,Product 309,32,Home Goods,155,Customer 155,customer155@email.com,14-05-2023,197,Processing
310,Product 310,40,Toys,155,Customer 155,customer155@email.com,14-05-2023,197,Processing
311,Product 311,33,Home Goods,156,Customer 156,customer156@email.com,22-10-2021,70,Shipped
312,Product 312,27,Toys,156,Customer 156,customer156@email.com,22-10-2021,70,Shipped
313,Product 313,81,Electronics,157,Customer 157,customer157@email.com,29-03-2022,177,Processing
314,Product 314,49,Clothing,157,Customer 157,customer157@email.com,29-03-2022,177,Processing
315,Product 315,69,Electronics,158,Customer 158,customer158@email.com,08-11-2022,157,Delivered
316,Product 316,34,Clothing,158,Customer 158,customer158@email.com,08-11-2022,157,Delivered
317,Product 317,29,Clothing,159,Customer 159,customer159@email.com,01-04-2022,186,Delivered
318,Product 318,75,Toys,159,Customer 159,customer159@email.com,01-04-2022,186,Delivered
319,Product 319,78,Beauty,160,Customer 160,customer160@email.com,03-06-2020,138,Pending
320,Product 320,56,Electronics,160,Customer 160,customer160@email.com,03-06-2020,138,Pending
321,Product 321,32,Clothing,161,Customer 161,customer161@email.com,22-09-2022,74,Processing
322,Product 322,32,Electronics,161,Customer 161,customer161@email.com,22-09-2022,74,Processing
323,Product 323,34,Beauty,162,Customer 162,customer162@email.com,01-09-2020,161,Shipped
324,Product 324,26,Home Goods,162,Customer 162,customer162@email.com,01-09-2020,161,Shipped
325,Product 325,43,Beauty,163,Customer 163,customer163@email.com,08-12-2022,64,Pending
326,Product 326,27,Clothing,163,Customer 163,customer163@email.com,08-12-2022,64,Pending
327,Product 327,34,Clothing,164,Customer 164,customer164@email.com,03-12-2021,119,Processing
328,Product 328,15,Toys,164,Customer 164,customer164@email.com,03-12-2021,119,Processing
329,Product 329,63,Electronics,165,Customer 165,customer165@email.com,30-07-2022,182,Processing
330,Product 330,97,Beauty,165,Customer 165,customer165@email.com,30-07-2022,182,Processing
331,Product 331,65,Beauty,166,Customer 166,customer166@email.com,21-08-2021,164,Pending
332,Product 332,64,Home Goods,166,Customer 166,customer166@email.com,21-08-2021,164,Pending
333,Product 333,26,Clothing,167,Customer 167,customer167@email.com,25-06-2023,153,Processing
334,Product 334,21,Home Goods,167,Customer 167,customer167@email.com,25-06-2023,153,Processing
335,Product 335,88,Home Goods,168,Customer 168,customer168@email.com,13-04-2020,174,Delivered
336,Product 336,47,Electronics,168,Customer 168,customer168@email.com,13-04-2020,174,Delivered
337,Product 337,67,Clothing,169,Customer 169,customer169@email.com,28-01-2021,170,Processing
338,Product 338,39,Home Goods,169,Customer 169,customer169@email.com,28-01-2021,170,Processing
339,Product 339,52,Clothing,170,Customer 170,customer170@email.com,14-02-2019,107,Pending
340,Product 340,80,Toys,170,Customer 170,customer170@email.com,14-02-2019,107,Pending
341,Product 341,63,Clothing,171,Customer 171,customer171@email.com,13-01-2021,83,Processing
342,Product 342,61,Clothing,171,Customer 171,customer171@email.com,13-01-2021,83,Processing
343,Product 343,79,Electronics,172,Customer 172,customer172@email.com,05-02-2022,170,Pending
344,Product 344,60,Electronics,172,Customer 172,customer172@email.com,05-02-2022,170,Pending
345,Product 345,81,Home Goods,173,Customer 173,customer173@email.com,23-10-2020,74,Delivered
346,Product 346,82,Clothing,173,Customer 173,customer173@email.com,23-10-2020,74,Delivered
347,Product 347,24,Toys,174,Customer 174,customer174@email.com,10-01-2020,146,Pending
348,Product 348,88,Beauty,174,Customer 174,customer174@email.com,10-01-2020,146,Pending
349,Product 349,96,Toys,175,Customer 175,customer175@email.com,30-04-2021,186,Processing
350,Product 350,58,Clothing,175,Customer 175,customer175@email.com,30-04-2021,186,Processing
351,Product 351,95,Beauty,176,Customer 176,customer176@email.com,18-08-2022,75,Shipped
352,Product 352,54,Toys,176,Customer 176,customer176@email.com,18-08-2022,75,Shipped
353,Product 353,44,Clothing,177,Customer 177,customer177@email.com,07-07-2021,107,Processing
354,Product 354,23,Toys,177,Customer 177,customer177@email.com,07-07-2021,107,Processing
355,Product 355,60,Clothing,178,Customer 178,customer178@email.com,01-10-2020,82,Delivered
356,Product 356,17,Electronics,178,Customer 178,customer178@email.com,01-10-2020,82,Delivered
357,Product 357,72,Toys,179,Customer 179,customer179@email.com,05-01-2019,76,Delivered
358,Product 358,94,Toys,179,Customer 179,customer179@email.com,05-01-2019,76,Delivered
359,Product 359,86,Beauty,180,Customer 180,customer180@email.com,12-01-2020,89,Shipped
360,Product 360,84,Beauty,180,Customer 180,customer180@email.com,12-01-2020,89,Shipped
361,Product 361,42,Home Goods,181,Customer 181,customer181@email.com,13-08-2020,167,Shipped
362,Product 362,81,Home Goods,181,Customer 181,customer181@email.com,13-08-2020,167,Shipped
363,Product 363,67,Toys,182,Customer 182,customer182@email.com,07-01-2022,68,Pending
364,Product 364,11,Electronics,182,Customer 182,customer182@email.com,07-01-2022,68,Pending
365,Product 365,42,Toys,183,Customer 183,customer183@email.com,15-05-2019,151,Pending
366,Product 366,18,Electronics,183,Customer 183,customer183@email.com,15-05-2019,151,Pending
367,Product 367,88,Electronics,184,Customer 184,customer184@email.com,04-08-2020,79,Delivered
368,Product 368,83,Beauty,184,Customer 184,customer184@email.com,04-08-2020,79,Delivered
369,Product 369,64,Beauty,185,Customer 185,customer185@email.com,26-08-2022,164,Delivered
370,Product 370,68,Electronics,185,Customer 185,customer185@email.com,26-08-2022,164,Delivered
371,Product 371,73,Electronics,186,Customer 186,customer186@email.com,03-06-2020,194,Shipped
372,Product 372,55,Electronics,186,Customer 186,customer186@email.com,03-06-2020,194,Shipped
373,Product 373,63,Beauty,187,Customer 187,customer187@email.com,28-09-2023,75,Shipped
374,Product 374,20,Home Goods,187,Customer 187,customer187@email.com,28-09-2023,75,Shipped
375,Product 375,76,Home Goods,188,Customer 188,customer188@email.com,16-09-2019,103,Processing
376,Product 376,35,Clothing,188,Customer 188,customer188@email.com,16-09-2019,103,Processing
377,Product 377,47,Beauty,189,Customer 189,customer189@email.com,25-01-2023,101,Pending
378,Product 378,78,Toys,189,Customer 189,customer189@email.com,25-01-2023,101,Pending
379,Product 379,44,Home Goods,190,Customer 190,customer190@email.com,29-12-2020,80,Pending
380,Product 380,34,Toys,190,Customer 190,customer190@email.com,29-12-2020,80,Pending
381,Product 381,65,Clothing,191,Customer 191,customer191@email.com,05-08-2022,72,Shipped
382,Product 382,79,Electronics,191,Customer 191,customer191@email.com,05-08-2022,72,Shipped
383,Product 383,80,Toys,192,Customer 192,customer192@email.com,05-10-2022,127,Pending
384,Product 384,60,Electronics,192,Customer 192,customer192@email.com,05-10-2022,127,Pending
385,Product 385,46,Home Goods,193,Customer 193,customer193@email.com,11-04-2021,132,Delivered
386,Product 386,24,Toys,193,Customer 193,customer193@email.com,11-04-2021,132,Delivered
387,Product 387,53,Electronics,194,Customer 194,customer194@email.com,22-09-2019,55,Pending
388,Product 388,70,Beauty,194,Customer 194,customer194@email.com,22-09-2019,55,Pending
389,Product 389,70,Toys,195,Customer 195,customer195@email.com,03-03-2021,154,Shipped
390,Product 390,84,Clothing,195,Customer 195,customer195@email.com,03-03-2021,154,Shipped
391,Product 391,40,Clothing,196,Customer 196,customer196@email.com,08-04-2023,129,Processing
392,Product 392,68,Toys,196,Customer 196,customer196@email.com,08-04-2023,129,Processing
393,Product 393,15,Home Goods,197,Customer 197,customer197@email.com,21-08-2019,113,Delivered
394,Product 394,13,Home Goods,197,Customer 197,customer197@email.com,21-08-2019,113,Delivered
395,Product 395,33,Toys,198,Customer 198,customer198@email.com,26-07-2019,58,Delivered
396,Product 396,24,Clothing,198,Customer 198,customer198@email.com,26-07-2019,58,Delivered
397,Product 397,90,Beauty,199,Customer 199,customer199@email.com,19-12-2022,162,Delivered
398,Product 398,23,Beauty,199,Customer 199,customer199@email.com,19-12-2022,162,Delivered
399,Product 399,29,Electronics,200,Customer 200,customer200@email.com,06-07-2019,109,Delivered
400,Product 400,29,Home Goods,200,Customer 200,customer200@email.com,06-07-2019,109,Delivered
401,Product 401,47,Toys,201,Customer 201,customer201@email.com,18-10-2019,65,Shipped
402,Product 402,90,Home Goods,201,Customer 201,customer201@email.com,18-10-2019,65,Shipped
403,Product 403,65,Home Goods,202,Customer 202,customer202@email.com,01-04-2022,119,Shipped
404,Product 404,65,Clothing,202,Customer 202,customer202@email.com,01-04-2022,119,Shipped
405,Product 405,55,Toys,203,Customer 203,customer203@email.com,27-09-2021,152,Pending
406,Product 406,80,Toys,203,Customer 203,customer203@email.com,27-09-2021,152,Pending
407,Product 407,25,Electronics,204,Customer 204,customer204@email.com,04-04-2021,168,Pending
408,Product 408,32,Clothing,204,Customer 204,customer204@email.com,04-04-2021,168,Pending
409,Product 409,54,Home Goods,205,Customer 205,customer205@email.com,21-02-2021,72,Shipped
410,Product 410,92,Home Goods,205,Customer 205,customer205@email.com,21-02-2021,72,Shipped
411,Product 411,41,Toys,206,Customer 206,customer206@email.com,16-05-2022,144,Processing
412,Product 412,35,Beauty,206,Customer 206,customer206@email.com,16-05-2022,144,Processing
413,Product 413,25,Toys,207,Customer 207,customer207@email.com,15-09-2022,116,Shipped
414,Product 414,72,Home Goods,207,Customer 207,customer207@email.com,15-09-2022,116,Shipped
415,Product 415,65,Clothing,208,Customer 208,customer208@email.com,14-06-2020,83,Pending
416,Product 416,88,Toys,208,Customer 208,customer208@email.com,14-06-2020,83,Pending
417,Product 417,24,Beauty,209,Customer 209,customer209@email.com,06-03-2020,183,Processing
418,Product 418,28,Electronics,209,Customer 209,customer209@email.com,06-03-2020,183,Processing
419,Product 419,21,Toys,210,Customer 210,customer210@email.com,27-02-2021,109,Delivered
420,Product 420,81,Home Goods,210,Customer 210,customer210@email.com,27-02-2021,109,Delivered
421,Product 421,42,Home Goods,211,Customer 211,customer211@email.com,04-11-2020,157,Shipped
422,Product 422,72,Beauty,211,Customer 211,customer211@email.com,04-11-2020,157,Shipped
423,Product 423,92,Beauty,212,Customer 212,customer212@email.com,16-02-2019,144,Pending
424,Product 424,78,Toys,212,Customer 212,customer212@email.com,16-02-2019,144,Pending
425,Product 425,10,Beauty,213,Customer 213,customer213@email.com,25-10-2019,89,Pending
426,Product 426,38,Beauty,213,Customer 213,customer213@email.com,25-10-2019,89,Pending
427,Product 427,68,Toys,214,Customer 214,customer214@email.com,12-09-2023,182,Delivered
428,Product 428,42,Beauty,214,Customer 214,customer214@email.com,12-09-2023,182,Delivered
429,Product 429,20,Clothing,215,Customer 215,customer215@email.com,07-06-2022,95,Delivered
430,Product 430,89,Electronics,215,Customer 215,customer215@email.com,07-06-2022,95,Delivered
431,Product 431,34,Beauty,216,Customer 216,customer216@email.com,08-09-2021,162,Pending
432,Product 432,57,Home Goods,216,Customer 216,customer216@email.com,08-09-2021,162,Pending
433,Product 433,80,Beauty,217,Customer 217,customer217@email.com,20-10-2019,185,Processing
434,Product 434,11,Beauty,217,Customer 217,customer217@email.com,20-10-2019,185,Processing
435,Product 435,11,Home Goods,218,Customer 218,customer218@email.com,09-01-2022,55,Pending
436,Product 436,70,Toys,218,Customer 218,customer218@email.com,09-01-2022,55,Pending
437,Product 437,40,Clothing,219,Customer 219,customer219@email.com,19-03-2020,147,Processing
438,Product 438,46,Clothing,219,Customer 219,customer219@email.com,19-03-2020,147,Processing
439,Product 439,77,Toys,220,Customer 220,customer220@email.com,08-10-2019,100,Processing
440,Product 440,58,Beauty,220,Customer 220,customer220@email.com,08-10-2019,100,Processing
441,Product 441,38,Electronics,221,Customer 221,customer221@email.com,08-09-2020,177,Processing
442,Product 442,48,Toys,221,Customer 221,customer221@email.com,08-09-2020,177,Processing
443,Product 443,29,Beauty,222,Customer 222,customer222@email.com,06-02-2021,128,Shipped
444,Product 444,52,Toys,222,Customer 222,customer222@email.com,06-02-2021,128,Shipped
445,Product 445,61,Electronics,223,Customer 223,customer223@email.com,07-09-2022,143,Shipped
446,Product 446,97,Beauty,223,Customer 223,customer223@email.com,07-09-2022,143,Shipped
447,Product 447,90,Toys,224,Customer 224,customer224@email.com,12-06-2019,174,Processing
448,Product 448,93,Toys,224,Customer 224,customer224@email.com,12-06-2019,174,Processing
449,Product 449,79,Toys,225,Customer 225,customer225@email.com,01-10-2020,137,Shipped
450,Product 450,63,Clothing,225,Customer 225,customer225@email.com,01-10-2020,137,Shipped
451,Product 451,24,Electronics,226,Customer 226,customer226@email.com,24-06-2019,162,Processing
452,Product 452,33,Clothing,226,Customer 226,customer226@email.com,24-06-2019,162,Processing
453,Product 453,46,Home Goods,227,Customer 227,customer227@email.com,23-03-2020,143,Processing
454,Product 454,43,Clothing,227,Customer 227,customer227@email.com,23-03-2020,143,Processing
455,Product 455,57,Electronics,228,Customer 228,customer228@email.com,03-05-2019,106,Shipped
456,Product 456,12,Clothing,228,Customer 228,customer228@email.com,03-05-2019,106,Shipped
457,Product 457,61,Home Goods,229,Customer 229,customer229@email.com,07-01-2019,189,Processing
458,Product 458,80,Toys,229,Customer 229,customer229@email.com,07-01-2019,189,Processing
459,Product 459,74,Home Goods,230,Customer 230,customer230@email.com,20-03-2022,170,Pending
460,Product 460,95,Beauty,230,Customer 230,customer230@email.com,20-03-2022,170,Pending
461,Product 461,62,Toys,231,Customer 231,customer231@email.com,06-12-2022,125,Shipped
462,Product 462,17,Beauty,231,Customer 231,customer231@email.com,06-12-2022,125,Shipped
463,Product 463,80,Clothing,232,Customer 232,customer232@email.com,13-12-2021,169,Pending
464,Product 464,55,Clothing,232,Customer 232,customer232@email.com,13-12-2021,169,Pending
465,Product 465,91,Toys,233,Customer 233,customer233@email.com,07-05-2021,104,Pending
466,Product 466,16,Home Goods,233,Customer 233,customer233@email.com,07-05-2021,104,Pending
467,Product 467,28,Electronics,234,Customer 234,customer234@email.com,19-08-2019,143,Delivered
468,Product 468,63,Toys,234,Customer 234,customer234@email.com,19-08-2019,143,Delivered
469,Product 469,57,Toys,235,Customer 235,customer235@email.com,31-03-2021,59,Processing
470,Product 470,12,Home Goods,235,Customer 235,customer235@email.com,31-03-2021,59,Processing
471,Product 471,61,Beauty,236,Customer 236,customer236@email.com,18-10-2019,146,Pending
472,Product 472,87,Electronics,236,Customer 236,customer236@email.com,18-10-2019,146,Pending
473,Product 473,15,Home Goods,237,Customer 237,customer237@email.com,10-11-2022,193,Delivered
474,Product 474,91,Clothing,237,Customer 237,customer237@email.com,10-11-2022,193,Delivered
475,Product 475,84,Clothing,238,Customer 238,customer238@email.com,24-12-2020,70,Shipped
476,Product 476,26,Toys,238,Customer 238,customer238@email.com,24-12-2020,70,Shipped
477,Product 477,21,Home Goods,239,Customer 239,customer239@email.com,24-04-2023,194,Pending
478,Product 478,66,Electronics,239,Customer 239,customer239@email.com,24-04-2023,194,Pending
479,Product 479,73,Home Goods,240,Customer 240,customer240@email.com,13-03-2022,57,Processing
480,Product 480,59,Home Goods,240,Customer 240,customer240@email.com,13-03-2022,57,Processing
481,Product 481,24,Electronics,241,Customer 241,customer241@email.com,24-02-2023,189,Pending
482,Product 482,16,Home Goods,241,Customer 241,customer241@email.com,24-02-2023,189,Pending
483,Product 483,81,Toys,242,Customer 242,customer242@email.com,18-08-2022,134,Delivered
484,Product 484,13,Toys,242,Customer 242,customer242@email.com,18-08-2022,134,Delivered
485,Product 485,88,Toys,243,Customer 243,customer243@email.com,15-04-2020,68,Shipped
486,Product 486,32,Electronics,243,Customer 243,customer243@email.com,15-04-2020,68,Shipped
487,Product 487,51,Home Goods,244,Customer 244,customer244@email.com,02-06-2023,147,Processing
488,Product 488,41,Electronics,244,Customer 244,customer244@email.com,02-06-2023,147,Processing
489,Product 489,62,Electronics,245,Customer 245,customer245@email.com,15-06-2022,76,Shipped
490,Product 490,36,Electronics,245,Customer 245,customer245@email.com,15-06-2022,76,Shipped
491,Product 491,45,Electronics,246,Customer 246,customer246@email.com,12-08-2023,169,Shipped
492,Product 492,80,Electronics,246,Customer 246,customer246@email.com,12-08-2023,169,Shipped
493,Product 493,93,Home Goods,247,Customer 247,customer247@email.com,18-04-2021,187,Delivered
494,Product 494,81,Electronics,247,Customer 247,customer247@email.com,18-04-2021,187,Delivered
495,Product 495,28,Beauty,248,Customer 248,customer248@email.com,01-03-2019,184,Delivered
496,Product 496,64,Clothing,248,Customer 248,customer248@email.com,01-03-2019,184,Delivered
497,Product 497,93,Toys,249,Customer 249,customer249@email.com,01-04-2021,179,Processing
498,Product 498,90,Electronics,249,Customer 249,customer249@email.com,01-04-2021,179,Processing
499,Product 499,36,Beauty,250,Customer 250,customer250@email.com,27-04-2023,86,Pending
500,Product 500,30,Beauty,250,Customer 250,customer250@email.com,27-04-2023,86,Pending
501,Product 501,65,Electronics,251,Customer 251,customer251@email.com,25-08-2019,83,Pending
502,Product 502,35,Clothing,251,Customer 251,customer251@email.com,25-08-2019,83,Pending
503,Product 503,48,Beauty,252,Customer 252,customer252@email.com,28-11-2019,190,Processing
504,Product 504,93,Beauty,252,Customer 252,customer252@email.com,28-11-2019,190,Processing
505,Product 505,57,Electronics,253,Customer 253,customer253@email.com,24-09-2019,136,Delivered
506,Product 506,92,Toys,253,Customer 253,customer253@email.com,24-09-2019,136,Delivered
507,Product 507,18,Toys,254,Customer 254,customer254@email.com,22-03-2021,135,Processing
508,Product 508,24,Electronics,254,Customer 254,customer254@email.com,22-03-2021,135,Processing
509,Product 509,69,Beauty,255,Customer 255,customer255@email.com,10-02-2023,183,Delivered
510,Product 510,76,Beauty,255,Customer 255,customer255@email.com,10-02-2023,183,Delivered
511,Product 511,55,Beauty,256,Customer 256,customer256@email.com,10-10-2021,135,Delivered
512,Product 512,99,Electronics,256,Customer 256,customer256@email.com,10-10-2021,135,Delivered
513,Product 513,81,Electronics,257,Customer 257,customer257@email.com,15-08-2022,52,Delivered
514,Product 514,48,Clothing,257,Customer 257,customer257@email.com,15-08-2022,52,Delivered
515,Product 515,26,Toys,258,Customer 258,customer258@email.com,30-09-2022,183,Pending
516,Product 516,70,Toys,258,Customer 258,customer258@email.com,30-09-2022,183,Pending
517,Product 517,20,Beauty,259,Customer 259,customer259@email.com,31-05-2022,112,Pending
518,Product 518,46,Electronics,259,Customer 259,customer259@email.com,31-05-2022,112,Pending
519,Product 519,68,Clothing,260,Customer 260,customer260@email.com,06-03-2021,103,Delivered
520,Product 520,51,Electronics,260,Customer 260,customer260@email.com,06-03-2021,103,Delivered
521,Product 521,96,Toys,261,Customer 261,customer261@email.com,14-09-2023,186,Delivered
522,Product 522,86,Home Goods,261,Customer 261,customer261@email.com,14-09-2023,186,Delivered
523,Product 523,78,Clothing,262,Customer 262,customer262@email.com,03-01-2022,139,Delivered
524,Product 524,74,Beauty,262,Customer 262,customer262@email.com,03-01-2022,139,Delivered
525,Product 525,82,Clothing,263,Customer 263,customer263@email.com,11-04-2022,73,Shipped
526,Product 526,87,Beauty,263,Customer 263,customer263@email.com,11-04-2022,73,Shipped
527,Product 527,11,Electronics,264,Customer 264,customer264@email.com,11-06-2020,100,Shipped
528,Product 528,19,Clothing,264,Customer 264,customer264@email.com,11-06-2020,100,Shipped
529,Product 529,97,Beauty,265,Customer 265,customer265@email.com,19-04-2021,77,Delivered
530,Product 530,22,Electronics,265,Customer 265,customer265@email.com,19-04-2021,77,Delivered
531,Product 531,65,Electronics,266,Customer 266,customer266@email.com,23-04-2019,147,Delivered
532,Product 532,51,Clothing,266,Customer 266,customer266@email.com,23-04-2019,147,Delivered
533,Product 533,77,Toys,267,Customer 267,customer267@email.com,20-09-2021,128,Delivered
534,Product 534,27,Home Goods,267,Customer 267,customer267@email.com,20-09-2021,128,Delivered
535,Product 535,17,Clothing,268,Customer 268,customer268@email.com,07-07-2022,152,Processing
536,Product 536,15,Home Goods,268,Customer 268,customer268@email.com,07-07-2022,152,Processing
537,Product 537,61,Home Goods,269,Customer 269,customer269@email.com,09-02-2020,161,Pending
538,Product 538,57,Beauty,269,Customer 269,customer269@email.com,09-02-2020,161,Pending
539,Product 539,18,Clothing,270,Customer 270,customer270@email.com,12-09-2019,115,Pending
540,Product 540,59,Toys,270,Customer 270,customer270@email.com,12-09-2019,115,Pending
541,Product 541,82,Toys,271,Customer 271,customer271@email.com,15-03-2019,61,Delivered
542,Product 542,51,Home Goods,271,Customer 271,customer271@email.com,15-03-2019,61,Delivered
543,Product 543,79,Beauty,272,Customer 272,customer272@email.com,06-04-2023,56,Pending
544,Product 544,26,Home Goods,272,Customer 272,customer272@email.com,06-04-2023,56,Pending
545,Product 545,69,Home Goods,273,Customer 273,customer273@email.com,24-12-2021,128,Shipped
546,Product 546,76,Clothing,273,Customer 273,customer273@email.com,24-12-2021,128,Shipped
547,Product 547,98,Beauty,274,Customer 274,customer274@email.com,03-09-2021,64,Pending
548,Product 548,44,Clothing,274,Customer 274,customer274@email.com,03-09-2021,64,Pending
549,Product 549,46,Clothing,275,Customer 275,customer275@email.com,22-10-2022,192,Processing
550,Product 550,72,Beauty,275,Customer 275,customer275@email.com,22-10-2022,192,Processing
551,Product 551,32,Toys,276,Customer 276,customer276@email.com,20-03-2023,197,Pending
552,Product 552,26,Toys,276,Customer 276,customer276@email.com,20-03-2023,197,Pending
553,Product 553,67,Electronics,277,Customer 277,customer277@email.com,12-07-2023,146,Processing
554,Product 554,45,Home Goods,277,Customer 277,customer277@email.com,12-07-2023,146,Processing
555,Product 555,83,Beauty,278,Customer 278,customer278@email.com,16-01-2019,101,Processing
556,Product 556,59,Electronics,278,Customer 278,customer278@email.com,16-01-2019,101,Processing
557,Product 557,34,Home Goods,279,Customer 279,customer279@email.com,03-10-2019,197,Pending
558,Product 558,93,Toys,279,Customer 279,customer279@email.com,03-10-2019,197,Pending
559,Product 559,21,Beauty,280,Customer 280,customer280@email.com,09-01-2019,136,Processing
560,Product 560,47,Home Goods,280,Customer 280,customer280@email.com,09-01-2019,136,Processing
561,Product 561,21,Beauty,281,Customer 281,customer281@email.com,02-01-2019,102,Pending
562,Product 562,12,Electronics,281,Customer 281,customer281@email.com,02-01-2019,102,Pending
563,Product 563,17,Electronics,282,Customer 282,customer282@email.com,06-06-2020,57,Pending
564,Product 564,37,Home Goods,282,Customer 282,customer282@email.com,06-06-2020,57,Pending
565,Product 565,55,Clothing,283,Customer 283,customer283@email.com,28-08-2020,98,Processing
566,Product 566,74,Home Goods,283,Customer 283,customer283@email.com,28-08-2020,98,Processing
567,Product 567,89,Home Goods,284,Customer 284,customer284@email.com,23-04-2019,94,Processing
568,Product 568,38,Beauty,284,Customer 284,customer284@email.com,23-04-2019,94,Processing
569,Product 569,29,Home Goods,285,Customer 285,customer285@email.com,16-02-2022,159,Delivered
570,Product 570,40,Electronics,285,Customer 285,customer285@email.com,16-02-2022,159,Delivered
571,Product 571,34,Clothing,286,Customer 286,customer286@email.com,01-09-2019,113,Pending
572,Product 572,83,Electronics,286,Customer 286,customer286@email.com,01-09-2019,113,Pending
573,Product 573,97,Clothing,287,Customer 287,customer287@email.com,28-09-2023,99,Delivered
574,Product 574,23,Clothing,287,Customer 287,customer287@email.com,28-09-2023,99,Delivered
575,Product 575,37,Electronics,288,Customer 288,customer288@email.com,19-02-2021,152,Shipped
576,Product 576,35,Beauty,288,Customer 288,customer288@email.com,19-02-2021,152,Shipped
577,Product 577,57,Toys,289,Customer 289,customer289@email.com,06-10-2022,160,Pending
578,Product 578,91,Clothing,289,Customer 289,customer289@email.com,06-10-2022,160,Pending
579,Product 579,45,Beauty,290,Customer 290,customer290@email.com,29-06-2019,97,Shipped
580,Product 580,88,Toys,290,Customer 290,customer290@email.com,29-06-2019,97,Shipped
581,Product 581,93,Toys,291,Customer 291,customer291@email.com,23-03-2023,145,Pending
582,Product 582,20,Clothing,291,Customer 291,customer291@email.com,23-03-2023,145,Pending
583,Product 583,36,Beauty,292,Customer 292,customer292@email.com,04-08-2022,65,Pending
584,Product 584,24,Electronics,292,Customer 292,customer292@email.com,04-08-2022,65,Pending
585,Product 585,57,Toys,293,Customer 293,customer293@email.com,05-09-2019,195,Pending
586,Product 586,51,Clothing,293,Customer 293,customer293@email.com,05-09-2019,195,Pending
587,Product 587,18,Electronics,294,Customer 294,customer294@email.com,23-09-2021,129,Processing
588,Product 588,84,Home Goods,294,Customer 294,customer294@email.com,23-09-2021,129,Processing
589,Product 589,24,Clothing,295,Customer 295,customer295@email.com,29-02-2020,59,Shipped
590,Product 590,70,Electronics,295,Customer 295,customer295@email.com,29-02-2020,59,Shipped
591,Product 591,39,Electronics,296,Customer 296,customer296@email.com,30-07-2022,57,Processing
592,Product 592,73,Clothing,296,Customer 296,customer296@email.com,30-07-2022,57,Processing
593,Product 593,83,Electronics,297,Customer 297,customer297@email.com,16-01-2023,68,Pending
594,Product 594,44,Electronics,297,Customer 297,customer297@email.com,16-01-2023,68,Pending
595,Product 595,65,Electronics,298,Customer 298,customer298@email.com,21-09-2019,148,Pending
596,Product 596,68,Toys,298,Customer 298,customer298@email.com,21-09-2019,148,Pending
597,Product 597,97,Home Goods,299,Customer 299,customer299@email.com,08-05-2023,121,Delivered
598,Product 598,41,Clothing,299,Customer 299,customer299@email.com,08-05-2023,121,Delivered
599,Product 599,38,Toys,300,Customer 300,customer300@email.com,21-01-2019,100,Shipped
600,Product 600,32,Electronics,300,Customer 300,customer300@email.com,21-01-2019,100,Shipped
601,Product 601,61,Clothing,301,Customer 301,customer301@email.com,07-01-2020,168,Delivered
602,Product 602,41,Electronics,301,Customer 301,customer301@email.com,07-01-2020,168,Delivered
603,Product 603,61,Home Goods,302,Customer 302,customer302@email.com,14-06-2022,159,Delivered
604,Product 604,10,Toys,302,Customer 302,customer302@email.com,14-06-2022,159,Delivered
605,Product 605,57,Beauty,303,Customer 303,customer303@email.com,23-10-2020,106,Processing
606,Product 606,11,Clothing,303,Customer 303,customer303@email.com,23-10-2020,106,Processing
607,Product 607,86,Beauty,304,Customer 304,customer304@email.com,24-12-2022,154,Shipped
608,Product 608,32,Home Goods,304,Customer 304,customer304@email.com,24-12-2022,154,Shipped
609,Product 609,86,Clothing,305,Customer 305,customer305@email.com,09-10-2022,187,Pending
610,Product 610,32,Beauty,305,Customer 305,customer305@email.com,09-10-2022,187,Pending
611,Product 611,12,Beauty,306,Customer 306,customer306@email.com,30-07-2020,88,Delivered
612,Product 612,97,Toys,306,Customer 306,customer306@email.com,30-07-2020,88,Delivered
613,Product 613,44,Electronics,307,Customer 307,customer307@email.com,19-01-2022,131,Pending
614,Product 614,48,Toys,307,Customer 307,customer307@email.com,19-01-2022,131,Pending
615,Product 615,13,Clothing,308,Customer 308,customer308@email.com,28-05-2023,61,Pending
616,Product 616,30,Electronics,308,Customer 308,customer308@email.com,28-05-2023,61,Pending
617,Product 617,95,Clothing,309,Customer 309,customer309@email.com,14-11-2022,184,Delivered
618,Product 618,87,Beauty,309,Customer 309,customer309@email.com,14-11-2022,184,Delivered
619,Product 619,39,Beauty,310,Customer 310,customer310@email.com,27-01-2020,83,Shipped
620,Product 620,68,Clothing,310,Customer 310,customer310@email.com,27-01-2020,83,Shipped
621,Product 621,85,Beauty,311,Customer 311,customer311@email.com,26-11-2020,86,Shipped
622,Product 622,53,Electronics,311,Customer 311,customer311@email.com,26-11-2020,86,Shipped
623,Product 623,22,Home Goods,312,Customer 312,customer312@email.com,03-05-2019,119,Shipped
624,Product 624,36,Home Goods,312,Customer 312,customer312@email.com,03-05-2019,119,Shipped
625,Product 625,12,Electronics,313,Customer 313,customer313@email.com,11-07-2022,118,Processing
626,Product 626,20,Clothing,313,Customer 313,customer313@email.com,11-07-2022,118,Processing
627,Product 627,73,Electronics,314,Customer 314,customer314@email.com,17-02-2021,103,Delivered
628,Product 628,96,Home Goods,314,Customer 314,customer314@email.com,17-02-2021,103,Delivered
629,Product 629,69,Beauty,315,Customer 315,customer315@email.com,19-08-2022,59,Processing
630,Product 630,22,Toys,315,Customer 315,customer315@email.com,19-08-2022,59,Processing
631,Product 631,44,Electronics,316,Customer 316,customer316@email.com,10-01-2019,108,Delivered
632,Product 632,32,Toys,316,Customer 316,customer316@email.com,10-01-2019,108,Delivered
633,Product 633,10,Clothing,317,Customer 317,customer317@email.com,26-01-2020,51,Pending
634,Product 634,34,Beauty,317,Customer 317,customer317@email.com,26-01-2020,51,Pending
635,Product 635,49,Beauty,318,Customer 318,customer318@email.com,12-07-2020,51,Processing
636,Product 636,25,Home Goods,318,Customer 318,customer318@email.com,12-07-2020,51,Processing
637,Product 637,24,Beauty,319,Customer 319,customer319@email.com,02-05-2019,55,Processing
638,Product 638,34,Toys,319,Customer 319,customer319@email.com,02-05-2019,55,Processing
639,Product 639,68,Electronics,320,Customer 320,customer320@email.com,30-01-2022,108,Pending
640,Product 640,13,Clothing,320,Customer 320,customer320@email.com,30-01-2022,108,Pending
641,Product 641,97,Clothing,321,Customer 321,customer321@email.com,15-03-2021,84,Pending
642,Product 642,64,Clothing,321,Customer 321,customer321@email.com,15-03-2021,84,Pending
643,Product 643,43,Beauty,322,Customer 322,customer322@email.com,28-08-2019,132,Processing
644,Product 644,96,Home Goods,322,Customer 322,customer322@email.com,28-08-2019,132,Processing
645,Product 645,58,Home Goods,323,Customer 323,customer323@email.com,30-08-2022,113,Shipped
646,Product 646,54,Beauty,323,Customer 323,customer323@email.com,30-08-2022,113,Shipped
647,Product 647,58,Electronics,324,Customer 324,customer324@email.com,19-05-2021,113,Shipped
648,Product 648,79,Beauty,324,Customer 324,customer324@email.com,19-05-2021,113,Shipped
649,Product 649,97,Toys,325,Customer 325,customer325@email.com,18-11-2020,99,Pending
650,Product 650,92,Electronics,325,Customer 325,customer325@email.com,18-11-2020,99,Pending
651,Product 651,17,Beauty,326,Customer 326,customer326@email.com,02-02-2020,182,Delivered
652,Product 652,77,Electronics,326,Customer 326,customer326@email.com,02-02-2020,182,Delivered
653,Product 653,67,Toys,327,Customer 327,customer327@email.com,13-06-2020,192,Pending
654,Product 654,21,Toys,327,Customer 327,customer327@email.com,13-06-2020,192,Pending
655,Product 655,62,Beauty,328,Customer 328,customer328@email.com,22-04-2023,54,Pending
656,Product 656,54,Electronics,328,Customer 328,customer328@email.com,22-04-2023,54,Pending
657,Product 657,54,Electronics,329,Customer 329,customer329@email.com,07-11-2021,122,Shipped
658,Product 658,55,Beauty,329,Customer 329,customer329@email.com,07-11-2021,122,Shipped
659,Product 659,89,Electronics,330,Customer 330,customer330@email.com,30-01-2020,122,Shipped
660,Product 660,13,Electronics,330,Customer 330,customer330@email.com,30-01-2020,122,Shipped
661,Product 661,56,Electronics,331,Customer 331,customer331@email.com,14-06-2021,182,Shipped
662,Product 662,15,Electronics,331,Customer 331,customer331@email.com,14-06-2021,182,Shipped
663,Product 663,46,Electronics,332,Customer 332,customer332@email.com,22-04-2022,102,Delivered
664,Product 664,79,Clothing,332,Customer 332,customer332@email.com,22-04-2022,102,Delivered
665,Product 665,74,Beauty,333,Customer 333,customer333@email.com,01-02-2022,113,Shipped
666,Product 666,53,Clothing,333,Customer 333,customer333@email.com,01-02-2022,113,Shipped
667,Product 667,51,Toys,334,Customer 334,customer334@email.com,05-12-2022,111,Shipped
668,Product 668,68,Beauty,334,Customer 334,customer334@email.com,05-12-2022,111,Shipped
669,Product 669,10,Beauty,335,Customer 335,customer335@email.com,11-08-2023,51,Pending
670,Product 670,67,Home Goods,335,Customer 335,customer335@email.com,11-08-2023,51,Pending
671,Product 671,19,Clothing,336,Customer 336,customer336@email.com,12-03-2021,75,Processing
672,Product 672,48,Home Goods,336,Customer 336,customer336@email.com,12-03-2021,75,Processing
673,Product 673,55,Home Goods,337,Customer 337,customer337@email.com,14-10-2022,86,Pending
674,Product 674,50,Home Goods,337,Customer 337,customer337@email.com,14-10-2022,86,Pending
675,Product 675,51,Toys,338,Customer 338,customer338@email.com,14-08-2020,132,Processing
676,Product 676,30,Clothing,338,Customer 338,customer338@email.com,14-08-2020,132,Processing
677,Product 677,99,Clothing,339,Customer 339,customer339@email.com,15-08-2022,177,Delivered
678,Product 678,30,Clothing,339,Customer 339,customer339@email.com,15-08-2022,177,Delivered
679,Product 679,73,Toys,340,Customer 340,customer340@email.com,14-08-2022,103,Pending
680,Product 680,20,Electronics,340,Customer 340,customer340@email.com,14-08-2022,103,Pending
681,Product 681,72,Home Goods,341,Customer 341,customer341@email.com,05-08-2019,114,Pending
682,Product 682,35,Electronics,341,Customer 341,customer341@email.com,05-08-2019,114,Pending
683,Product 683,15,Toys,342,Customer 342,customer342@email.com,28-03-2019,54,Processing
684,Product 684,85,Clothing,342,Customer 342,customer342@email.com,28-03-2019,54,Processing
685,Product 685,69,Clothing,343,Customer 343,customer343@email.com,04-06-2023,127,Processing
686,Product 686,60,Clothing,343,Customer 343,customer343@email.com,04-06-2023,127,Processing
687,Product 687,62,Clothing,344,Customer 344,customer344@email.com,31-10-2019,136,Shipped
688,Product 688,63,Beauty,344,Customer 344,customer344@email.com,31-10-2019,136,Shipped
689,Product 689,23,Clothing,345,Customer 345,customer345@email.com,28-09-2019,63,Shipped
690,Product 690,48,Electronics,345,Customer 345,customer345@email.com,28-09-2019,63,Shipped
691,Product 691,93,Toys,346,Customer 346,customer346@email.com,27-10-2020,65,Pending
692,Product 692,42,Electronics,346,Customer 346,customer346@email.com,27-10-2020,65,Pending
693,Product 693,30,Electronics,347,Customer 347,customer347@email.com,17-01-2023,184,Delivered
694,Product 694,36,Beauty,347,Customer 347,customer347@email.com,17-01-2023,184,Delivered
695,Product 695,29,Beauty,348,Customer 348,customer348@email.com,05-02-2023,113,Shipped
696,Product 696,50,Clothing,348,Customer 348,customer348@email.com,05-02-2023,113,Shipped
697,Product 697,40,Clothing,349,Customer 349,customer349@email.com,22-11-2022,98,Pending
698,Product 698,46,Electronics,349,Customer 349,customer349@email.com,22-11-2022,98,Pending
699,Product 699,35,Beauty,350,Customer 350,customer350@email.com,24-11-2020,56,Shipped
700,Product 700,16,Beauty,350,Customer 350,customer350@email.com,24-11-2020,56,Shipped
701,Product 701,40,Clothing,351,Customer 351,customer351@email.com,25-05-2019,151,Delivered
702,Product 702,96,Toys,351,Customer 351,customer351@email.com,25-05-2019,151,Delivered
703,Product 703,27,Toys,352,Customer 352,customer352@email.com,08-07-2020,108,Shipped
704,Product 704,26,Clothing,352,Customer 352,customer352@email.com,08-07-2020,108,Shipped
705,Product 705,27,Electronics,353,Customer 353,customer353@email.com,04-03-2020,182,Shipped
706,Product 706,99,Toys,353,Customer 353,customer353@email.com,04-03-2020,182,Shipped
707,Product 707,23,Beauty,354,Customer 354,customer354@email.com,02-05-2020,130,Pending
708,Product 708,40,Clothing,354,Customer 354,customer354@email.com,02-05-2020,130,Pending
709,Product 709,25,Electronics,355,Customer 355,customer355@email.com,16-09-2020,139,Pending
710,Product 710,74,Home Goods,355,Customer 355,customer355@email.com,16-09-2020,139,Pending
711,Product 711,74,Electronics,356,Customer 356,customer356@email.com,19-02-2021,60,Processing
712,Product 712,71,Toys,356,Customer 356,customer356@email.com,19-02-2021,60,Processing
713,Product 713,46,Beauty,357,Customer 357,customer357@email.com,16-02-2023,179,Processing
714,Product 714,10,Toys,357,Customer 357,customer357@email.com,16-02-2023,179,Processing
715,Product 715,22,Electronics,358,Customer 358,customer358@email.com,15-11-2021,140,Delivered
716,Product 716,97,Home Goods,358,Customer 358,customer358@email.com,15-11-2021,140,Delivered
717,Product 717,15,Toys,359,Customer 359,customer359@email.com,28-04-2019,138,Shipped
718,Product 718,48,Toys,359,Customer 359,customer359@email.com,28-04-2019,138,Shipped
719,Product 719,46,Electronics,360,Customer 360,customer360@email.com,12-04-2019,86,Delivered
720,Product 720,51,Clothing,360,Customer 360,customer360@email.com,12-04-2019,86,Delivered
721,Product 721,54,Home Goods,361,Customer 361,customer361@email.com,03-04-2019,95,Shipped
722,Product 722,75,Beauty,361,Customer 361,customer361@email.com,03-04-2019,95,Shipped
723,Product 723,18,Beauty,362,Customer 362,customer362@email.com,31-07-2023,197,Processing
724,Product 724,97,Clothing,362,Customer 362,customer362@email.com,31-07-2023,197,Processing
725,Product 725,43,Electronics,363,Customer 363,customer363@email.com,10-05-2020,108,Delivered
726,Product 726,39,Home Goods,363,Customer 363,customer363@email.com,10-05-2020,108,Delivered
727,Product 727,46,Home Goods,364,Customer 364,customer364@email.com,05-02-2020,187,Processing
728,Product 728,27,Beauty,364,Customer 364,customer364@email.com,05-02-2020,187,Processing
729,Product 729,32,Clothing,365,Customer 365,customer365@email.com,23-04-2020,57,Pending
730,Product 730,28,Home Goods,365,Customer 365,customer365@email.com,23-04-2020,57,Pending
731,Product 731,48,Electronics,366,Customer 366,customer366@email.com,12-05-2020,125,Delivered
732,Product 732,27,Beauty,366,Customer 366,customer366@email.com,12-05-2020,125,Delivered
733,Product 733,44,Electronics,367,Customer 367,customer367@email.com,13-10-2021,110,Pending
734,Product 734,42,Beauty,367,Customer 367,customer367@email.com,13-10-2021,110,Pending
735,Product 735,47,Clothing,368,Customer 368,customer368@email.com,19-04-2020,186,Delivered
736,Product 736,24,Electronics,368,Customer 368,customer368@email.com,19-04-2020,186,Delivered
737,Product 737,57,Home Goods,369,Customer 369,customer369@email.com,06-11-2021,79,Delivered
738,Product 738,75,Beauty,369,Customer 369,customer369@email.com,06-11-2021,79,Delivered
739,Product 739,41,Clothing,370,Customer 370,customer370@email.com,21-10-2020,72,Shipped
740,Product 740,81,Electronics,370,Customer 370,customer370@email.com,21-10-2020,72,Shipped
741,Product 741,72,Electronics,371,Customer 371,customer371@email.com,16-02-2023,90,Processing
742,Product 742,74,Clothing,371,Customer 371,customer371@email.com,16-02-2023,90,Processing
743,Product 743,67,Home Goods,372,Customer 372,customer372@email.com,10-08-2022,76,Processing
744,Product 744,25,Beauty,372,Customer 372,customer372@email.com,10-08-2022,76,Processing
745,Product 745,68,Toys,373,Customer 373,customer373@email.com,14-08-2023,184,Delivered
746,Product 746,36,Clothing,373,Customer 373,customer373@email.com,14-08-2023,184,Delivered
747,Product 747,10,Home Goods,374,Customer 374,customer374@email.com,03-10-2021,75,Delivered
748,Product 748,69,Home Goods,374,Customer 374,customer374@email.com,03-10-2021,75,Delivered
749,Product 749,90,Toys,375,Customer 375,customer375@email.com,26-06-2022,182,Shipped
750,Product 750,32,Electronics,375,Customer 375,customer375@email.com,26-06-2022,182,Shipped
751,Product 751,19,Electronics,376,Customer 376,customer376@email.com,18-12-2022,58,Delivered
752,Product 752,83,Electronics,376,Customer 376,customer376@email.com,18-12-2022,58,Delivered
753,Product 753,68,Beauty,377,Customer 377,customer377@email.com,05-07-2022,196,Delivered
754,Product 754,45,Home Goods,377,Customer 377,customer377@email.com,05-07-2022,196,Delivered
755,Product 755,59,Home Goods,378,Customer 378,customer378@email.com,10-04-2021,77,Pending
756,Product 756,14,Electronics,378,Customer 378,customer378@email.com,10-04-2021,77,Pending
757,Product 757,60,Toys,379,Customer 379,customer379@email.com,27-02-2019,104,Processing
758,Product 758,88,Beauty,379,Customer 379,customer379@email.com,27-02-2019,104,Processing
759,Product 759,75,Toys,380,Customer 380,customer380@email.com,16-08-2023,129,Processing
760,Product 760,33,Home Goods,380,Customer 380,customer380@email.com,16-08-2023,129,Processing
761,Product 761,63,Electronics,381,Customer 381,customer381@email.com,02-06-2021,89,Delivered
762,Product 762,83,Electronics,381,Customer 381,customer381@email.com,02-06-2021,89,Delivered
763,Product 763,47,Clothing,382,Customer 382,customer382@email.com,05-06-2021,141,Processing
764,Product 764,13,Toys,382,Customer 382,customer382@email.com,05-06-2021,141,Processing
765,Product 765,76,Home Goods,383,Customer 383,customer383@email.com,29-07-2021,184,Processing
766,Product 766,48,Electronics,383,Customer 383,customer383@email.com,29-07-2021,184,Processing
767,Product 767,11,Beauty,384,Customer 384,customer384@email.com,19-05-2022,83,Pending
768,Product 768,56,Electronics,384,Customer 384,customer384@email.com,19-05-2022,83,Pending
769,Product 769,93,Electronics,385,Customer 385,customer385@email.com,20-08-2019,157,Delivered
770,Product 770,42,Electronics,385,Customer 385,customer385@email.com,20-08-2019,157,Delivered
771,Product 771,29,Electronics,386,Customer 386,customer386@email.com,28-08-2019,127,Delivered
772,Product 772,59,Toys,386,Customer 386,customer386@email.com,28-08-2019,127,Delivered
773,Product 773,28,Clothing,387,Customer 387,customer387@email.com,15-10-2021,163,Shipped
774,Product 774,70,Home Goods,387,Customer 387,customer387@email.com,15-10-2021,163,Shipped
775,Product 775,80,Electronics,388,Customer 388,customer388@email.com,01-02-2020,151,Pending
776,Product 776,83,Electronics,388,Customer 388,customer388@email.com,01-02-2020,151,Pending
777,Product 777,33,Toys,389,Customer 389,customer389@email.com,28-06-2020,69,Processing
778,Product 778,11,Home Goods,389,Customer 389,customer389@email.com,28-06-2020,69,Processing
779,Product 779,89,Home Goods,390,Customer 390,customer390@email.com,13-05-2022,118,Shipped
780,Product 780,41,Home Goods,390,Customer 390,customer390@email.com,13-05-2022,118,Shipped
781,Product 781,98,Home Goods,391,Customer 391,customer391@email.com,25-04-2021,50,Pending
782,Product 782,67,Clothing,391,Customer 391,customer391@email.com,25-04-2021,50,Pending
783,Product 783,13,Electronics,392,Customer 392,customer392@email.com,11-12-2021,151,Processing
784,Product 784,93,Home Goods,392,Customer 392,customer392@email.com,11-12-2021,151,Processing
785,Product 785,61,Toys,393,Customer 393,customer393@email.com,28-07-2023,99,Processing
786,Product 786,50,Beauty,393,Customer 393,customer393@email.com,28-07-2023,99,Processing
787,Product 787,81,Clothing,394,Customer 394,customer394@email.com,11-11-2020,180,Pending
788,Product 788,25,Electronics,394,Customer 394,customer394@email.com,11-11-2020,180,Pending
789,Product 789,91,Beauty,395,Customer 395,customer395@email.com,17-09-2019,186,Shipped
790,Product 790,20,Home Goods,395,Customer 395,customer395@email.com,17-09-2019,186,Shipped
791,Product 791,68,Clothing,396,Customer 396,customer396@email.com,29-12-2020,110,Shipped
792,Product 792,80,Toys,396,Customer 396,customer396@email.com,29-12-2020,110,Shipped
793,Product 793,18,Electronics,397,Customer 397,customer397@email.com,01-06-2023,51,Delivered
794,Product 794,24,Home Goods,397,Customer 397,customer397@email.com,01-06-2023,51,Delivered
795,Product 795,71,Home Goods,398,Customer 398,customer398@email.com,30-07-2019,191,Delivered
796,Product 796,57,Toys,398,Customer 398,customer398@email.com,30-07-2019,191,Delivered
797,Product 797,55,Beauty,399,Customer 399,customer399@email.com,12-01-2021,107,Delivered
798,Product 798,47,Electronics,399,Customer 399,customer399@email.com,12-01-2021,107,Delivered
799,Product 799,99,Toys,400,Customer 400,customer400@email.com,13-12-2021,62,Shipped
800,Product 800,75,Clothing,400,Customer 400,customer400@email.com,13-12-2021,62,Shipped
801,Product 801,64,Home Goods,401,Customer 401,customer401@email.com,17-09-2019,172,Pending
802,Product 802,36,Electronics,401,Customer 401,customer401@email.com,17-09-2019,172,Pending
803,Product 803,89,Electronics,402,Customer 402,customer402@email.com,27-12-2019,197,Delivered
804,Product 804,46,Electronics,402,Customer 402,customer402@email.com,27-12-2019,197,Delivered
805,Product 805,66,Toys,403,Customer 403,customer403@email.com,29-09-2022,86,Processing
806,Product 806,67,Beauty,403,Customer 403,customer403@email.com,29-09-2022,86,Processing
807,Product 807,69,Toys,404,Customer 404,customer404@email.com,02-06-2019,117,Shipped
808,Product 808,19,Beauty,404,Customer 404,customer404@email.com,02-06-2019,117,Shipped
809,Product 809,61,Clothing,405,Customer 405,customer405@email.com,10-02-2022,120,Delivered
810,Product 810,65,Clothing,405,Customer 405,customer405@email.com,10-02-2022,120,Delivered
811,Product 811,61,Toys,406,Customer 406,customer406@email.com,29-07-2020,185,Shipped
812,Product 812,94,Toys,406,Customer 406,customer406@email.com,29-07-2020,185,Shipped
813,Product 813,90,Home Goods,407,Customer 407,customer407@email.com,15-11-2022,191,Delivered
814,Product 814,61,Clothing,407,Customer 407,customer407@email.com,15-11-2022,191,Delivered
815,Product 815,25,Electronics,408,Customer 408,customer408@email.com,19-03-2022,145,Delivered
816,Product 816,24,Clothing,408,Customer 408,customer408@email.com,19-03-2022,145,Delivered
817,Product 817,72,Toys,409,Customer 409,customer409@email.com,16-02-2020,156,Shipped
818,Product 818,59,Toys,409,Customer 409,customer409@email.com,16-02-2020,156,Shipped
819,Product 819,96,Home Goods,410,Customer 410,customer410@email.com,04-03-2022,85,Pending
820,Product 820,37,Toys,410,Customer 410,customer410@email.com,04-03-2022,85,Pending
821,Product 821,14,Toys,411,Customer 411,customer411@email.com,10-03-2021,190,Shipped
822,Product 822,19,Beauty,411,Customer 411,customer411@email.com,10-03-2021,190,Shipped
823,Product 823,33,Electronics,412,Customer 412,customer412@email.com,20-10-2021,179,Delivered
824,Product 824,46,Home Goods,412,Customer 412,customer412@email.com,20-10-2021,179,Delivered
825,Product 825,87,Clothing,413,Customer 413,customer413@email.com,14-03-2021,141,Delivered
826,Product 826,47,Toys,413,Customer 413,customer413@email.com,14-03-2021,141,Delivered
827,Product 827,66,Electronics,414,Customer 414,customer414@email.com,21-02-2020,162,Shipped
828,Product 828,74,Toys,414,Customer 414,customer414@email.com,21-02-2020,162,Shipped
829,Product 829,66,Electronics,415,Customer 415,customer415@email.com,24-05-2023,59,Shipped
830,Product 830,85,Beauty,415,Customer 415,customer415@email.com,24-05-2023,59,Shipped
831,Product 831,59,Clothing,416,Customer 416,customer416@email.com,28-02-2019,125,Delivered
832,Product 832,75,Toys,416,Customer 416,customer416@email.com,28-02-2019,125,Delivered
833,Product 833,85,Clothing,417,Customer 417,customer417@email.com,09-03-2023,128,Pending
834,Product 834,68,Clothing,417,Customer 417,customer417@email.com,09-03-2023,128,Pending
835,Product 835,50,Home Goods,418,Customer 418,customer418@email.com,03-02-2021,157,Shipped
836,Product 836,37,Beauty,418,Customer 418,customer418@email.com,03-02-2021,157,Shipped
837,Product 837,52,Clothing,419,Customer 419,customer419@email.com,09-09-2019,195,Processing
838,Product 838,22,Beauty,419,Customer 419,customer419@email.com,09-09-2019,195,Processing
839,Product 839,49,Clothing,420,Customer 420,customer420@email.com,19-01-2020,97,Processing
840,Product 840,34,Electronics,420,Customer 420,customer420@email.com,19-01-2020,97,Processing
841,Product 841,53,Clothing,421,Customer 421,customer421@email.com,15-08-2021,148,Shipped
842,Product 842,56,Home Goods,421,Customer 421,customer421@email.com,15-08-2021,148,Shipped
843,Product 843,22,Home Goods,422,Customer 422,customer422@email.com,06-03-2023,107,Processing
844,Product 844,67,Beauty,422,Customer 422,customer422@email.com,06-03-2023,107,Processing
845,Product 845,12,Beauty,423,Customer 423,customer423@email.com,09-08-2019,181,Processing
846,Product 846,33,Beauty,423,Customer 423,customer423@email.com,09-08-2019,181,Processing
847,Product 847,94,Clothing,424,Customer 424,customer424@email.com,19-02-2020,111,Delivered
848,Product 848,93,Beauty,424,Customer 424,customer424@email.com,19-02-2020,111,Delivered
849,Product 849,77,Toys,425,Customer 425,customer425@email.com,25-02-2022,108,Shipped
850,Product 850,65,Home Goods,425,Customer 425,customer425@email.com,25-02-2022,108,Shipped
851,Product 851,34,Beauty,426,Customer 426,customer426@email.com,09-04-2023,186,Processing
852,Product 852,27,Clothing,426,Customer 426,customer426@email.com,09-04-2023,186,Processing
853,Product 853,61,Home Goods,427,Customer 427,customer427@email.com,02-02-2020,79,Delivered
854,Product 854,29,Electronics,427,Customer 427,customer427@email.com,02-02-2020,79,Delivered
855,Product 855,81,Clothing,428,Customer 428,customer428@email.com,11-12-2022,66,Delivered
856,Product 856,91,Toys,428,Customer 428,customer428@email.com,11-12-2022,66,Delivered
857,Product 857,26,Clothing,429,Customer 429,customer429@email.com,09-05-2022,104,Delivered
858,Product 858,39,Toys,429,Customer 429,customer429@email.com,09-05-2022,104,Delivered
859,Product 859,93,Home Goods,430,Customer 430,customer430@email.com,13-07-2019,177,Shipped
860,Product 860,97,Electronics,430,Customer 430,customer430@email.com,13-07-2019,177,Shipped
861,Product 861,14,Clothing,431,Customer 431,customer431@email.com,30-06-2020,130,Pending
862,Product 862,25,Toys,431,Customer 431,customer431@email.com,30-06-2020,130,Pending
863,Product 863,84,Clothing,432,Customer 432,customer432@email.com,01-12-2021,128,Pending
864,Product 864,49,Home Goods,432,Customer 432,customer432@email.com,01-12-2021,128,Pending
865,Product 865,98,Home Goods,433,Customer 433,customer433@email.com,06-11-2021,77,Shipped
866,Product 866,45,Electronics,433,Customer 433,customer433@email.com,06-11-2021,77,Shipped
867,Product 867,18,Clothing,434,Customer 434,customer434@email.com,31-07-2023,133,Pending
868,Product 868,63,Clothing,434,Customer 434,customer434@email.com,31-07-2023,133,Pending
869,Product 869,79,Electronics,435,Customer 435,customer435@email.com,02-08-2020,180,Processing
870,Product 870,14,Beauty,435,Customer 435,customer435@email.com,02-08-2020,180,Processing
871,Product 871,69,Toys,436,Customer 436,customer436@email.com,12-07-2021,137,Shipped
872,Product 872,38,Beauty,436,Customer 436,customer436@email.com,12-07-2021,137,Shipped
873,Product 873,35,Electronics,437,Customer 437,customer437@email.com,24-03-2019,106,Shipped
874,Product 874,92,Clothing,437,Customer 437,customer437@email.com,24-03-2019,106,Shipped
875,Product 875,59,Clothing,438,Customer 438,customer438@email.com,30-07-2021,157,Processing
876,Product 876,61,Electronics,438,Customer 438,customer438@email.com,30-07-2021,157,Processing
877,Product 877,81,Electronics,439,Customer 439,customer439@email.com,19-10-2020,124,Shipped
878,Product 878,71,Beauty,439,Customer 439,customer439@email.com,19-10-2020,124,Shipped
879,Product 879,15,Toys,440,Customer 440,customer440@email.com,03-09-2022,140,Shipped
880,Product 880,82,Clothing,440,Customer 440,customer440@email.com,03-09-2022,140,Shipped
881,Product 881,97,Toys,441,Customer 441,customer441@email.com,23-11-2022,51,Shipped
882,Product 882,14,Beauty,441,Customer 441,customer441@email.com,23-11-2022,51,Shipped
883,Product 883,36,Electronics,442,Customer 442,customer442@email.com,17-03-2023,105,Processing
884,Product 884,25,Home Goods,442,Customer 442,customer442@email.com,17-03-2023,105,Processing
885,Product 885,56,Toys,443,Customer 443,customer443@email.com,22-02-2023,101,Shipped
886,Product 886,92,Clothing,443,Customer 443,customer443@email.com,22-02-2023,101,Shipped
887,Product 887,86,Toys,444,Customer 444,customer444@email.com,20-08-2021,143,Processing
888,Product 888,56,Beauty,444,Customer 444,customer444@email.com,20-08-2021,143,Processing
889,Product 889,47,Beauty,445,Customer 445,customer445@email.com,05-09-2020,199,Delivered
890,Product 890,27,Electronics,445,Customer 445,customer445@email.com,05-09-2020,199,Delivered
891,Product 891,48,Home Goods,446,Customer 446,customer446@email.com,02-08-2019,156,Shipped
892,Product 892,45,Toys,446,Customer 446,customer446@email.com,02-08-2019,156,Shipped
893,Product 893,98,Home Goods,447,Customer 447,customer447@email.com,25-05-2021,162,Shipped
894,Product 894,57,Toys,447,Customer 447,customer447@email.com,25-05-2021,162,Shipped
895,Product 895,18,Clothing,448,Customer 448,customer448@email.com,18-09-2019,194,Delivered
896,Product 896,81,Electronics,448,Customer 448,customer448@email.com,18-09-2019,194,Delivered
897,Product 897,69,Toys,449,Customer 449,customer449@email.com,25-06-2020,95,Delivered
898,Product 898,14,Home Goods,449,Customer 449,customer449@email.com,25-06-2020,95,Delivered
899,Product 899,47,Home Goods,450,Customer 450,customer450@email.com,21-01-2021,87,Pending
900,Product 900,50,Toys,450,Customer 450,customer450@email.com,21-01-2021,87,Pending
901,Product 901,23,Toys,451,Customer 451,customer451@email.com,07-12-2021,88,Processing
902,Product 902,96,Home Goods,451,Customer 451,customer451@email.com,07-12-2021,88,Processing
903,Product 903,86,Toys,452,Customer 452,customer452@email.com,17-08-2020,114,Shipped
904,Product 904,19,Home Goods,452,Customer 452,customer452@email.com,17-08-2020,114,Shipped
905,Product 905,31,Toys,453,Customer 453,customer453@email.com,31-05-2020,105,Processing
906,Product 906,70,Electronics,453,Customer 453,customer453@email.com,31-05-2020,105,Processing
907,Product 907,29,Toys,454,Customer 454,customer454@email.com,09-02-2022,78,Delivered
908,Product 908,31,Home Goods,454,Customer 454,customer454@email.com,09-02-2022,78,Delivered
909,Product 909,63,Clothing,455,Customer 455,customer455@email.com,14-04-2021,79,Processing
910,Product 910,76,Electronics,455,Customer 455,customer455@email.com,14-04-2021,79,Processing
911,Product 911,14,Home Goods,456,Customer 456,customer456@email.com,21-06-2023,136,Shipped
912,Product 912,46,Home Goods,456,Customer 456,customer456@email.com,21-06-2023,136,Shipped
913,Product 913,71,Home Goods,457,Customer 457,customer457@email.com,02-08-2019,177,Delivered
914,Product 914,98,Home Goods,457,Customer 457,customer457@email.com,02-08-2019,177,Delivered
915,Product 915,15,Beauty,458,Customer 458,customer458@email.com,04-10-2022,194,Delivered
916,Product 916,82,Toys,458,Customer 458,customer458@email.com,04-10-2022,194,Delivered
917,Product 917,60,Clothing,459,Customer 459,customer459@email.com,08-08-2019,99,Delivered
918,Product 918,85,Electronics,459,Customer 459,customer459@email.com,08-08-2019,99,Delivered
919,Product 919,80,Home Goods,460,Customer 460,customer460@email.com,30-08-2020,99,Shipped
920,Product 920,75,Electronics,460,Customer 460,customer460@email.com,30-08-2020,99,Shipped
921,Product 921,11,Toys,461,Customer 461,customer461@email.com,04-02-2021,174,Shipped
922,Product 922,50,Clothing,461,Customer 461,customer461@email.com,04-02-2021,174,Shipped
923,Product 923,73,Toys,462,Customer 462,customer462@email.com,06-09-2022,130,Pending
924,Product 924,76,Home Goods,462,Customer 462,customer462@email.com,06-09-2022,130,Pending
925,Product 925,58,Toys,463,Customer 463,customer463@email.com,06-02-2021,182,Shipped
926,Product 926,27,Clothing,463,Customer 463,customer463@email.com,06-02-2021,182,Shipped
927,Product 927,66,Electronics,464,Customer 464,customer464@email.com,04-05-2021,60,Delivered
928,Product 928,34,Clothing,464,Customer 464,customer464@email.com,04-05-2021,60,Delivered
929,Product 929,12,Beauty,465,Customer 465,customer465@email.com,10-12-2021,119,Pending
930,Product 930,97,Clothing,465,Customer 465,customer465@email.com,10-12-2021,119,Pending
931,Product 931,77,Toys,466,Customer 466,customer466@email.com,15-07-2023,135,Shipped
932,Product 932,61,Toys,466,Customer 466,customer466@email.com,15-07-2023,135,Shipped
933,Product 933,32,Electronics,467,Customer 467,customer467@email.com,14-01-2022,164,Pending
934,Product 934,37,Toys,467,Customer 467,customer467@email.com,14-01-2022,164,Pending
935,Product 935,42,Home Goods,468,Customer 468,customer468@email.com,12-01-2022,104,Pending
936,Product 936,80,Electronics,468,Customer 468,customer468@email.com,12-01-2022,104,Pending
937,Product 937,81,Clothing,469,Customer 469,customer469@email.com,31-05-2020,173,Shipped
938,Product 938,52,Clothing,469,Customer 469,customer469@email.com,31-05-2020,173,Shipped
939,Product 939,37,Home Goods,470,Customer 470,customer470@email.com,08-01-2023,179,Shipped
940,Product 940,11,Beauty,470,Customer 470,customer470@email.com,08-01-2023,179,Shipped
941,Product 941,48,Home Goods,471,Customer 471,customer471@email.com,25-10-2022,193,Shipped
942,Product 942,80,Electronics,471,Customer 471,customer471@email.com,25-10-2022,193,Shipped
943,Product 943,91,Home Goods,472,Customer 472,customer472@email.com,26-01-2019,88,Processing
944,Product 944,65,Toys,472,Customer 472,customer472@email.com,26-01-2019,88,Processing
945,Product 945,17,Home Goods,473,Customer 473,customer473@email.com,18-11-2022,122,Shipped
946,Product 946,94,Electronics,473,Customer 473,customer473@email.com,18-11-2022,122,Shipped
947,Product 947,86,Clothing,474,Customer 474,customer474@email.com,04-07-2023,108,Processing
948,Product 948,79,Electronics,474,Customer 474,customer474@email.com,04-07-2023,108,Processing
949,Product 949,14,Toys,475,Customer 475,customer475@email.com,13-04-2023,64,Shipped
950,Product 950,63,Toys,475,Customer 475,customer475@email.com,13-04-2023,64,Shipped
951,Product 951,60,Clothing,476,Customer 476,customer476@email.com,01-11-2021,68,Delivered
952,Product 952,63,Home Goods,476,Customer 476,customer476@email.com,01-11-2021,68,Delivered
953,Product 953,92,Beauty,477,Customer 477,customer477@email.com,02-04-2020,170,Pending
954,Product 954,12,Toys,477,Customer 477,customer477@email.com,02-04-2020,170,Pending
955,Product 955,83,Electronics,478,Customer 478,customer478@email.com,29-08-2021,99,Delivered
956,Product 956,56,Clothing,478,Customer 478,customer478@email.com,29-08-2021,99,Delivered
957,Product 957,65,Beauty,479,Customer 479,customer479@email.com,26-03-2023,81,Pending
958,Product 958,67,Beauty,479,Customer 479,customer479@email.com,26-03-2023,81,Pending
959,Product 959,17,Clothing,480,Customer 480,customer480@email.com,23-01-2021,138,Shipped
960,Product 960,73,Beauty,480,Customer 480,customer480@email.com,23-01-2021,138,Shipped
961,Product 961,82,Home Goods,481,Customer 481,customer481@email.com,24-02-2023,94,Shipped
962,Product 962,13,Toys,481,Customer 481,customer481@email.com,24-02-2023,94,Shipped
963,Product 963,46,Clothing,482,Customer 482,customer482@email.com,26-03-2022,108,Shipped
964,Product 964,17,Electronics,482,Customer 482,customer482@email.com,26-03-2022,108,Shipped
965,Product 965,56,Electronics,483,Customer 483,customer483@email.com,05-05-2022,58,Shipped
966,Product 966,21,Beauty,483,Customer 483,customer483@email.com,05-05-2022,58,Shipped
967,Product 967,76,Clothing,484,Customer 484,customer484@email.com,29-10-2022,118,Shipped
968,Product 968,43,Beauty,484,Customer 484,customer484@email.com,29-10-2022,118,Shipped
969,Product 969,87,Clothing,485,Customer 485,customer485@email.com,13-04-2021,86,Delivered
970,Product 970,68,Toys,485,Customer 485,customer485@email.com,13-04-2021,86,Delivered
971,Product 971,42,Beauty,486,Customer 486,customer486@email.com,11-10-2021,143,Shipped
972,Product 972,96,Electronics,486,Customer 486,customer486@email.com,11-10-2021,143,Shipped
973,Product 973,22,Beauty,487,Customer 487,customer487@email.com,15-02-2021,90,Shipped
974,Product 974,66,Home Goods,487,Customer 487,customer487@email.com,15-02-2021,90,Shipped
975,Product 975,56,Home Goods,488,Customer 488,customer488@email.com,30-10-2022,128,Delivered
976,Product 976,74,Clothing,488,Customer 488,customer488@email.com,30-10-2022,128,Delivered
977,Product 977,37,Home Goods,489,Customer 489,customer489@email.com,04-11-2020,140,Pending
978,Product 978,58,Electronics,489,Customer 489,customer489@email.com,04-11-2020,140,Pending
979,Product 979,43,Home Goods,490,Customer 490,customer490@email.com,13-07-2021,197,Shipped
980,Product 980,45,Toys,490,Customer 490,customer490@email.com,13-07-2021,197,Shipped
981,Product 981,56,Home Goods,491,Customer 491,customer491@email.com,02-02-2019,103,Delivered
982,Product 982,66,Home Goods,491,Customer 491,customer491@email.com,02-02-2019,103,Delivered
983,Product 983,32,Home Goods,492,Customer 492,customer492@email.com,01-01-2021,155,Delivered
984,Product 984,47,Electronics,492,Customer 492,customer492@email.com,01-01-2021,155,Delivered
985,Product 985,73,Clothing,493,Customer 493,customer493@email.com,30-01-2019,181,Pending
986,Product 986,19,Home Goods,493,Customer 493,customer493@email.com,30-01-2019,181,Pending
987,Product 987,88,Home Goods,494,Customer 494,customer494@email.com,23-11-2021,167,Shipped
988,Product 988,77,Electronics,494,Customer 494,customer494@email.com,23-11-2021,167,Shipped
989,Product 989,34,Electronics,495,Customer 495,customer495@email.com,22-06-2019,166,Delivered
990,Product 990,66,Clothing,495,Customer 495,customer495@email.com,22-06-2019,166,Delivered
991,Product 991,58,Electronics,496,Customer 496,customer496@email.com,11-12-2021,87,Delivered
992,Product 992,79,Toys,496,Customer 496,customer496@email.com,11-12-2021,87,Delivered
993,Product 993,14,Toys,497,Customer 497,customer497@email.com,25-06-2019,130,Shipped
994,Product 994,41,Electronics,497,Customer 497,customer497@email.com,25-06-2019,130,Shipped
995,Product 995,77,Electronics,498,Customer 498,customer498@email.com,23-07-2020,176,Shipped
996,Product 996,14,Beauty,498,Customer 498,customer498@email.com,23-07-2020,176,Shipped
997,Product 997,27,Home Goods,499,Customer 499,customer499@email.com,10-10-2021,155,Delivered
998,Product 998,74,Electronics,499,Customer 499,customer499@email.com,10-10-2021,155,Delivered
999,Product 999,51,Beauty,500,Customer 500,customer500@email.com,02-06-2021,118,Processing
1000,Product 1000,39,Toys,500,Customer 500,customer500@email.com,02-06-2021,118,Processing
